CREATE DATABASE  IF NOT EXISTS `gamage_restaurant` /*!40100 DEFAULT CHARACTER SET utf8 */ /*!80016 DEFAULT ENCRYPTION='N' */;
USE `gamage_restaurant`;
-- MySQL dump 10.13  Distrib 8.0.33, for Win64 (x86_64)
--
-- Host: 127.0.0.1    Database: gamage_restaurant
-- ------------------------------------------------------
-- Server version	8.0.26

/*!40101 SET @OLD_CHARACTER_SET_CLIENT=@@CHARACTER_SET_CLIENT */;
/*!40101 SET @OLD_CHARACTER_SET_RESULTS=@@CHARACTER_SET_RESULTS */;
/*!40101 SET @OLD_COLLATION_CONNECTION=@@COLLATION_CONNECTION */;
/*!50503 SET NAMES utf8 */;
/*!40103 SET @OLD_TIME_ZONE=@@TIME_ZONE */;
/*!40103 SET TIME_ZONE='+00:00' */;
/*!40014 SET @OLD_UNIQUE_CHECKS=@@UNIQUE_CHECKS, UNIQUE_CHECKS=0 */;
/*!40014 SET @OLD_FOREIGN_KEY_CHECKS=@@FOREIGN_KEY_CHECKS, FOREIGN_KEY_CHECKS=0 */;
/*!40101 SET @OLD_SQL_MODE=@@SQL_MODE, SQL_MODE='NO_AUTO_VALUE_ON_ZERO' */;
/*!40111 SET @OLD_SQL_NOTES=@@SQL_NOTES, SQL_NOTES=0 */;

--
-- Table structure for table `activitylog`
--

DROP TABLE IF EXISTS `activitylog`;
/*!40101 SET @saved_cs_client     = @@character_set_client */;
/*!50503 SET character_set_client = utf8mb4 */;
CREATE TABLE `activitylog` (
  `id` int NOT NULL AUTO_INCREMENT,
  `dodate` datetime NOT NULL,
  `descriptin` text,
  `users_user_id` int NOT NULL,
  PRIMARY KEY (`id`),
  KEY `fk_activitylog_users1_idx` (`users_user_id`),
  CONSTRAINT `fk_activitylog_users1` FOREIGN KEY (`users_user_id`) REFERENCES `users` (`user_id`)
) ENGINE=InnoDB DEFAULT CHARSET=utf8mb3;
/*!40101 SET character_set_client = @saved_cs_client */;

--
-- Dumping data for table `activitylog`
--

LOCK TABLES `activitylog` WRITE;
/*!40000 ALTER TABLE `activitylog` DISABLE KEYS */;
/*!40000 ALTER TABLE `activitylog` ENABLE KEYS */;
UNLOCK TABLES;

--
-- Table structure for table `bankname`
--

DROP TABLE IF EXISTS `bankname`;
/*!40101 SET @saved_cs_client     = @@character_set_client */;
/*!50503 SET character_set_client = utf8mb4 */;
CREATE TABLE `bankname` (
  `id` int NOT NULL AUTO_INCREMENT,
  `name` varchar(45) NOT NULL,
  PRIMARY KEY (`id`),
  UNIQUE KEY `id_UNIQUE` (`id`)
) ENGINE=InnoDB AUTO_INCREMENT=6 DEFAULT CHARSET=utf8mb3;
/*!40101 SET character_set_client = @saved_cs_client */;

--
-- Dumping data for table `bankname`
--

LOCK TABLES `bankname` WRITE;
/*!40000 ALTER TABLE `bankname` DISABLE KEYS */;
INSERT INTO `bankname` VALUES (1,'Peoples Bank'),(2,'Sampath Bank'),(3,'BOC Bank'),(4,'NSB Bank'),(5,'HNNB Bank');
/*!40000 ALTER TABLE `bankname` ENABLE KEYS */;
UNLOCK TABLES;

--
-- Table structure for table `civilstatus`
--

DROP TABLE IF EXISTS `civilstatus`;
/*!40101 SET @saved_cs_client     = @@character_set_client */;
/*!50503 SET character_set_client = utf8mb4 */;
CREATE TABLE `civilstatus` (
  `id` int NOT NULL AUTO_INCREMENT,
  `name` varchar(100) DEFAULT NULL,
  PRIMARY KEY (`id`)
) ENGINE=InnoDB AUTO_INCREMENT=2 DEFAULT CHARSET=utf8mb3;
/*!40101 SET character_set_client = @saved_cs_client */;

--
-- Dumping data for table `civilstatus`
--

LOCK TABLES `civilstatus` WRITE;
/*!40000 ALTER TABLE `civilstatus` DISABLE KEYS */;
INSERT INTO `civilstatus` VALUES (1,'Married');
/*!40000 ALTER TABLE `civilstatus` ENABLE KEYS */;
UNLOCK TABLES;

--
-- Table structure for table `cpmethod`
--

DROP TABLE IF EXISTS `cpmethod`;
/*!40101 SET @saved_cs_client     = @@character_set_client */;
/*!50503 SET character_set_client = utf8mb4 */;
CREATE TABLE `cpmethod` (
  `id` int NOT NULL AUTO_INCREMENT,
  `name` varchar(45) DEFAULT NULL,
  PRIMARY KEY (`id`)
) ENGINE=InnoDB AUTO_INCREMENT=5 DEFAULT CHARSET=utf8mb3;
/*!40101 SET character_set_client = @saved_cs_client */;

--
-- Dumping data for table `cpmethod`
--

LOCK TABLES `cpmethod` WRITE;
/*!40000 ALTER TABLE `cpmethod` DISABLE KEYS */;
INSERT INTO `cpmethod` VALUES (1,'Cheque'),(2,'Cash'),(3,'Bank Deposit'),(4,'Money Transfer');
/*!40000 ALTER TABLE `cpmethod` ENABLE KEYS */;
UNLOCK TABLES;

--
-- Table structure for table `cpstatus`
--

DROP TABLE IF EXISTS `cpstatus`;
/*!40101 SET @saved_cs_client     = @@character_set_client */;
/*!50503 SET character_set_client = utf8mb4 */;
CREATE TABLE `cpstatus` (
  `id` int NOT NULL AUTO_INCREMENT,
  `name` varchar(45) DEFAULT NULL,
  PRIMARY KEY (`id`)
) ENGINE=InnoDB AUTO_INCREMENT=4 DEFAULT CHARSET=utf8mb3;
/*!40101 SET character_set_client = @saved_cs_client */;

--
-- Dumping data for table `cpstatus`
--

LOCK TABLES `cpstatus` WRITE;
/*!40000 ALTER TABLE `cpstatus` DISABLE KEYS */;
INSERT INTO `cpstatus` VALUES (1,'Completed'),(2,'Pending'),(3,'Deleted');
/*!40000 ALTER TABLE `cpstatus` ENABLE KEYS */;
UNLOCK TABLES;

--
-- Table structure for table `customer`
--

DROP TABLE IF EXISTS `customer`;
/*!40101 SET @saved_cs_client     = @@character_set_client */;
/*!50503 SET character_set_client = utf8mb4 */;
CREATE TABLE `customer` (
  `id` int NOT NULL AUTO_INCREMENT,
  `regno` char(10) NOT NULL,
  `fname` varchar(150) NOT NULL,
  `lname` varchar(150) NOT NULL,
  `mobileno` char(10) NOT NULL,
  `secondno` char(10) DEFAULT NULL,
  `nic` char(12) DEFAULT NULL,
  `address` text NOT NULL,
  `description` text,
  `addeddate` date NOT NULL,
  `loyalitytype_id` int DEFAULT NULL,
  `employee_id` int NOT NULL,
  `customerstatus_id` int NOT NULL,
  PRIMARY KEY (`id`),
  KEY `fk_customer_customerstatus1_idx` (`customerstatus_id`),
  KEY `fk_customer_employee1_idx` (`employee_id`),
  KEY `fk_customer_loyalitytype1_idx` (`loyalitytype_id`),
  CONSTRAINT `fk_customer_customerstatus1` FOREIGN KEY (`customerstatus_id`) REFERENCES `customerstatus` (`id`),
  CONSTRAINT `fk_customer_employee1` FOREIGN KEY (`employee_id`) REFERENCES `employee` (`id`),
  CONSTRAINT `fk_customer_loyalitytype1` FOREIGN KEY (`loyalitytype_id`) REFERENCES `loyalitytype` (`id`)
) ENGINE=InnoDB AUTO_INCREMENT=34 DEFAULT CHARSET=utf8mb3;
/*!40101 SET character_set_client = @saved_cs_client */;

--
-- Dumping data for table `customer`
--

LOCK TABLES `customer` WRITE;
/*!40000 ALTER TABLE `customer` DISABLE KEYS */;
INSERT INTO `customer` VALUES (1,'C0000001','Sunil','Dahanayaka','0710661182','0712547895','967751979V','23/90 ,Hokandara Road,Malambe',NULL,'2021-08-01',NULL,1,3),(2,'C0000002','Shantha','Siriwardana','0773419789','0710660082','967156464V','Kaduwela Road.Malambe',NULL,'2021-09-13',NULL,1,4),(3,'C0000003','Nishantha','Silva','0715561202','0773419788','914579569V','\"Nishantha\",Battaramulla North,Battaramulla',NULL,'2021-09-13',NULL,1,2),(4,'C0000004','Amila','Dissanayaka','0768354409','0768354405','564789546V','13/70B ,Battaramulla',NULL,'2021-09-13',NULL,1,4),(5,'C0000005','Aruna','Perera','0715489740','0754896575','752589357V','Matara',NULL,'2021-09-23',NULL,1,3),(6,'C0000006','Ajantha','Weerasinghe','0715878965',NULL,'814571169V','Matara',NULL,'2022-05-20',NULL,1,1),(7,'C0000007','Gamini','Batagoda','0712222548',NULL,'874571169V','Hokandara',NULL,'2022-05-28',NULL,2,1),(8,'C0000008','Nipun','Gamage','0745421365',NULL,'914579569V','Colombo',NULL,'2022-05-28',NULL,3,4),(9,'C0000009','Aruna','Nuwanika','0715489777',NULL,'752589457V','Matara',NULL,'2022-05-28',NULL,3,1),(10,'C0000010','Sanduni','Siriwardana','0715561282',NULL,'914579569V','Kaduwela Road.Malambe',NULL,'2022-05-28',NULL,2,1),(11,'C0000011','Kasun','Shantha','0715489711',NULL,'752589357V','Matara',NULL,'2022-05-28',NULL,2,1),(12,'C0000012','Nishantha','Silva','0710660082',NULL,'914579569V','\"Nishantha\",Battaramulla North,Battaramulla',NULL,'2022-05-28',NULL,3,1),(13,'C0000013','Aruna','Shantha','0715489742','0754896545','914579569V','Matara',NULL,'2022-05-28',NULL,2,1),(14,'C0000014','Aruna','Saman','0715489747',NULL,'752589357V','Matara',NULL,'2022-05-28',NULL,2,1),(15,'C0000015','Shantha','Siriwardana','0768354409',NULL,'914579569V','Kaduwela Road.Malambe',NULL,'2022-05-28',NULL,2,1),(16,'C0000016','Shantha','Siriwardana','0715489745',NULL,'914579569V','Kaduwela Road.Malambe',NULL,'2022-05-28',NULL,2,1),(17,'C0000017','Acb','Nuwanika','0716432145',NULL,'914579569V','Matara',NULL,'2022-05-28',NULL,2,4),(18,'C0000018','Dasuni','Gamage','0715489746','0710660482','814571169V','Matara',NULL,'2022-11-04',NULL,2,1),(19,'C0000019','Abcd','Bnahs','0700661082',NULL,'967771979V','dggfx',NULL,'2023-07-05',NULL,1,1),(20,'C0000020','Abcd','Bnahs','0710662280',NULL,'967751779V','dggfx',NULL,'2023-07-05',NULL,1,1),(21,'C0000021','Abcd','Bnahs','0710661111',NULL,'967751111V','dggfx',NULL,'2023-07-05',NULL,1,1),(22,'C0000022','Abcd','Bnahs','0710622221',NULL,'967722279V','dg',NULL,'2023-07-05',NULL,1,1),(23,'C0000023','Abcd','Bnahs','0745687457',NULL,'967781979V','dggfx',NULL,'2023-07-05',NULL,1,1),(24,'C0000024','Weryff','Qasfre','0711111111',NULL,'987751979V','dggfx',NULL,'2023-07-05',NULL,1,1),(25,'C0000025','Lakmal','Asela','0712345678',NULL,'941234342V','18/8 DW. Rupasinghe Mawatha, Nugegoda',NULL,'2023-07-13',NULL,1,1),(26,'C0000026','Dwwdd','Wdwdwd','0786543323',NULL,'927651979V','DQWDWD',NULL,'2023-07-13',NULL,1,1),(27,'C0000027','Hasitha','Ransara','0785498745','0785498755','201548987V','Kalalgoda',NULL,'2023-07-31',NULL,5,1),(28,'C0000028','Abcd','Bnahs','0710660088',NULL,'977751979V','dggfx',NULL,'2023-07-31',NULL,5,4),(29,'C0000029','Gayan','Madushanka','0710660182','0710660181','967791979V','Galle',NULL,'2023-07-31',NULL,5,1),(30,'C0000030','Don','Peter','0714569874','0714569872','968989879V','Gampaha',NULL,'2023-08-01',NULL,5,1),(31,'C0000031','Kumar','Nanayakkara','0710661000','0710660085','874751979V','Matara',NULL,'2023-08-05',NULL,6,1),(32,'C0000032','Ucsc','Colombo','0777777777',NULL,'988765476V','Colombo',NULL,'2023-08-05',NULL,6,1),(33,'C0000033','Uscs','Colombo','0777777778','0776543231','976543218V','Galle',NULL,'2023-08-05',NULL,6,1);
/*!40000 ALTER TABLE `customer` ENABLE KEYS */;
UNLOCK TABLES;

--
-- Table structure for table `customerpayment`
--

DROP TABLE IF EXISTS `customerpayment`;
/*!40101 SET @saved_cs_client     = @@character_set_client */;
/*!50503 SET character_set_client = utf8mb4 */;
CREATE TABLE `customerpayment` (
  `id` int NOT NULL AUTO_INCREMENT,
  `billno` char(10) NOT NULL,
  `reservationamount` decimal(10,2) NOT NULL,
  `currentamount` decimal(10,2) NOT NULL,
  `paidamount` decimal(10,2) NOT NULL,
  `balanceamount` decimal(10,2) NOT NULL,
  `paiddatetime` datetime NOT NULL,
  `description` varchar(45) DEFAULT NULL,
  `depositeddatetime` datetime DEFAULT NULL,
  `remark` text,
  `transferid` varchar(45) DEFAULT NULL,
  `bankname` varchar(45) DEFAULT NULL,
  `transferaccname` varchar(150) DEFAULT NULL,
  `cpmethod_id` int NOT NULL,
  `cpstatus_id` int NOT NULL,
  `employee_id` int NOT NULL,
  `reservation_id` int NOT NULL,
  `remainningamount` decimal(10,0) DEFAULT NULL,
  `bankaccountno` char(15) DEFAULT NULL,
  `holdername` varchar(150) DEFAULT NULL,
  `chequenumber` char(15) DEFAULT NULL,
  `chequedate` date DEFAULT NULL,
  `bankbrachname` varchar(150) DEFAULT NULL,
  PRIMARY KEY (`id`),
  KEY `fk_customerpayment_cp_method1_idx` (`cpmethod_id`),
  KEY `fk_customerpayment_cp_status1_idx` (`cpstatus_id`),
  KEY `fk_customerpayment_employee1_idx` (`employee_id`),
  KEY `fk_customerpayment_reservation1_idx` (`reservation_id`),
  CONSTRAINT `fk_customerpayment_cp_method1` FOREIGN KEY (`cpmethod_id`) REFERENCES `cpmethod` (`id`),
  CONSTRAINT `fk_customerpayment_cp_status1` FOREIGN KEY (`cpstatus_id`) REFERENCES `cpstatus` (`id`),
  CONSTRAINT `fk_customerpayment_employee1` FOREIGN KEY (`employee_id`) REFERENCES `employee` (`id`),
  CONSTRAINT `fk_customerpayment_reservation1` FOREIGN KEY (`reservation_id`) REFERENCES `reservation` (`id`)
) ENGINE=InnoDB AUTO_INCREMENT=172 DEFAULT CHARSET=utf8mb3;
/*!40101 SET character_set_client = @saved_cs_client */;

--
-- Dumping data for table `customerpayment`
--

LOCK TABLES `customerpayment` WRITE;
/*!40000 ALTER TABLE `customerpayment` DISABLE KEYS */;
INSERT INTO `customerpayment` VALUES (1,'CP000001',100.00,1000.00,800.00,200.00,'2022-04-02 12:18:00',NULL,NULL,NULL,NULL,NULL,NULL,1,3,1,1,NULL,NULL,NULL,NULL,NULL,NULL),(2,'CP000002',102.00,1000.00,100.00,103.00,'2022-04-26 23:06:58',NULL,'2022-05-27 23:07:00',NULL,NULL,NULL,NULL,1,1,1,21,NULL,NULL,NULL,NULL,NULL,NULL),(3,'CP000003',103.00,1000.00,100.00,100.00,'2022-04-26 23:11:46',NULL,'2022-05-06 23:11:00',NULL,NULL,NULL,NULL,2,3,1,1,NULL,NULL,NULL,NULL,NULL,NULL),(4,'CP000004',500.00,500.00,500.00,105.00,'2023-05-26 23:16:36',NULL,'2023-05-14 23:17:00',NULL,NULL,NULL,NULL,2,1,1,21,NULL,NULL,NULL,NULL,NULL,NULL),(5,'CP000005',102.00,1000.00,500.00,104.00,'2023-05-26 23:42:53',NULL,'2023-05-06 23:43:00',NULL,NULL,NULL,NULL,1,1,1,22,NULL,NULL,NULL,NULL,NULL,NULL),(6,'CP000006',105.00,1000.00,800.00,102.00,'2023-05-28 18:36:51',NULL,'2023-05-21 22:42:00',NULL,NULL,NULL,NULL,1,1,2,31,NULL,NULL,NULL,NULL,NULL,NULL),(7,'CP000007',2400.00,2400.00,4000.00,1600.00,'2023-06-04 12:17:08',NULL,NULL,NULL,NULL,NULL,NULL,2,1,1,33,NULL,NULL,NULL,NULL,NULL,NULL),(8,'CP000008',1370.00,0.00,1500.00,130.00,'2023-06-04 12:39:20',NULL,NULL,NULL,NULL,NULL,NULL,2,1,1,35,NULL,NULL,NULL,NULL,NULL,NULL),(9,'CP000009',2310.00,0.00,4000.00,1690.00,'2023-06-04 15:04:30',NULL,NULL,NULL,NULL,NULL,NULL,2,1,1,37,NULL,NULL,NULL,NULL,NULL,NULL),(10,'CP000010',1000.00,0.00,5000.00,4000.00,'2023-06-05 09:53:19',NULL,NULL,NULL,NULL,NULL,NULL,2,1,1,38,NULL,NULL,NULL,NULL,NULL,NULL),(11,'CP000011',7305.36,5000.00,5000.00,0.00,'2023-06-05 21:09:36',NULL,NULL,NULL,NULL,NULL,NULL,2,1,1,39,NULL,NULL,NULL,NULL,NULL,NULL),(12,'CP000012',3100.00,2000.00,5000.00,3000.00,'2023-06-05 22:02:34',NULL,NULL,NULL,NULL,NULL,NULL,2,1,1,40,NULL,NULL,NULL,NULL,NULL,NULL),(13,'CP000013',8703.81,0.00,10000.00,1296.19,'2023-06-06 12:30:23',NULL,NULL,NULL,NULL,NULL,NULL,2,1,1,43,NULL,NULL,NULL,NULL,NULL,NULL),(14,'CP000014',5938.10,0.00,6000.00,61.90,'2023-06-07 15:47:21',NULL,NULL,NULL,NULL,NULL,NULL,2,1,1,44,NULL,NULL,NULL,NULL,NULL,NULL),(15,'CP000015',3060.00,0.00,5000.00,1940.00,'2023-06-07 15:59:42',NULL,NULL,NULL,NULL,NULL,NULL,2,1,1,45,NULL,NULL,NULL,NULL,NULL,NULL),(16,'CP000016',3360.00,0.00,5000.00,1640.00,'2023-06-07 18:23:35',NULL,NULL,NULL,NULL,NULL,NULL,2,1,1,46,NULL,NULL,NULL,NULL,NULL,NULL),(17,'CP000017',5788.40,2000.00,5000.00,3000.00,'2023-06-08 17:20:38',NULL,NULL,NULL,NULL,NULL,NULL,2,1,1,47,NULL,NULL,NULL,NULL,NULL,NULL),(18,'CP000018',20097.00,10000.00,12000.00,2000.00,'2023-06-12 13:36:42',NULL,NULL,NULL,NULL,NULL,NULL,2,1,1,48,NULL,NULL,NULL,NULL,NULL,NULL),(19,'CP000019',20097.00,10000.00,12000.00,1903.00,'2023-06-12 13:52:23',NULL,NULL,NULL,NULL,NULL,NULL,2,1,1,48,10097,NULL,NULL,NULL,NULL,NULL),(20,'CP000020',2300.00,0.00,5000.00,2700.00,'2023-06-13 13:13:36',NULL,NULL,NULL,NULL,NULL,NULL,2,3,1,49,NULL,NULL,NULL,NULL,NULL,NULL),(21,'CP000021',1795.00,1000.00,2000.00,1000.00,'2023-06-13 15:51:32',NULL,NULL,NULL,NULL,NULL,NULL,2,1,1,50,NULL,NULL,NULL,NULL,NULL,NULL),(22,'CP000022',3360.00,3000.00,5000.00,2000.00,'2023-06-13 15:53:40',NULL,NULL,NULL,NULL,NULL,NULL,2,1,1,51,NULL,NULL,NULL,NULL,NULL,NULL),(23,'CP000023',2800.00,2000.00,5000.00,3000.00,'2023-06-13 15:55:14',NULL,NULL,NULL,NULL,NULL,NULL,2,1,1,52,NULL,NULL,NULL,NULL,NULL,NULL),(24,'CP000024',3700.00,0.00,5000.00,1300.00,'2023-06-13 16:07:46',NULL,NULL,NULL,NULL,NULL,NULL,2,1,1,53,NULL,NULL,NULL,NULL,NULL,NULL),(25,'CP000025',1320.00,0.00,2000.00,680.00,'2023-06-13 16:14:53',NULL,NULL,NULL,NULL,NULL,NULL,2,1,1,54,NULL,NULL,NULL,NULL,NULL,NULL),(28,'CP000028',1000.00,0.00,5000.00,4000.00,'2023-06-14 11:36:04',NULL,NULL,NULL,NULL,NULL,NULL,2,1,1,57,NULL,NULL,NULL,NULL,NULL,NULL),(29,'CP000029',400.00,0.00,500.00,100.00,'2023-06-18 14:34:15',NULL,NULL,NULL,NULL,NULL,NULL,2,1,1,59,NULL,NULL,NULL,NULL,NULL,NULL),(30,'CP000030',700.00,500.00,1000.00,500.00,'2023-06-18 14:35:57',NULL,NULL,NULL,NULL,NULL,NULL,2,1,1,60,NULL,NULL,NULL,NULL,NULL,NULL),(31,'CP000031',700.00,500.00,500.00,300.00,'2023-06-18 14:36:31',NULL,NULL,NULL,NULL,NULL,NULL,2,1,1,60,200,NULL,NULL,NULL,NULL,NULL),(32,'CP000032',300.00,200.00,500.00,300.00,'2023-06-18 14:42:08',NULL,NULL,NULL,NULL,NULL,NULL,2,1,1,61,NULL,NULL,NULL,NULL,NULL,NULL),(33,'CP000033',300.00,200.00,200.00,100.00,'2023-06-18 14:42:30',NULL,NULL,NULL,NULL,NULL,NULL,2,1,1,61,100,NULL,NULL,NULL,NULL,NULL),(34,'CP000034',700.00,500.00,1000.00,500.00,'2023-06-18 14:47:05',NULL,NULL,NULL,NULL,NULL,NULL,2,1,1,62,NULL,NULL,NULL,NULL,NULL,NULL),(35,'CP000035',700.00,500.00,200.00,0.00,'2023-06-18 14:47:25',NULL,NULL,NULL,NULL,NULL,NULL,2,1,1,62,200,NULL,NULL,NULL,NULL,NULL),(36,'CP000036',1300.00,10000.00,12000.00,2000.00,'2023-06-18 14:49:59',NULL,NULL,NULL,NULL,NULL,NULL,2,1,1,63,NULL,NULL,NULL,NULL,NULL,NULL),(37,'CP000037',1300.00,10000.00,13000.00,21700.00,'2023-06-18 14:50:31',NULL,NULL,NULL,NULL,NULL,NULL,2,1,1,63,-8700,NULL,NULL,NULL,NULL,NULL),(38,'CP000038',1900.00,1000.00,5000.00,4000.00,'2023-06-18 14:58:20',NULL,NULL,NULL,NULL,NULL,NULL,2,1,1,64,NULL,NULL,NULL,NULL,NULL,NULL),(39,'CP000039',1900.00,1000.00,5000.00,4100.00,'2023-06-18 14:58:38',NULL,NULL,NULL,NULL,NULL,NULL,2,1,1,64,900,NULL,NULL,NULL,NULL,NULL),(40,'CP000040',2640.00,0.00,5000.00,2360.00,'2023-07-02 13:03:32',NULL,NULL,NULL,NULL,NULL,NULL,2,1,1,65,NULL,NULL,NULL,NULL,NULL,NULL),(43,'CP000043',2300.00,1000.00,5000.00,4000.00,'2023-07-07 14:23:34',NULL,NULL,NULL,NULL,NULL,NULL,2,1,1,67,NULL,NULL,NULL,NULL,NULL,NULL),(44,'CP000044',3800.00,2000.00,5000.00,3000.00,'2023-07-08 08:59:43',NULL,NULL,NULL,NULL,NULL,NULL,2,1,1,68,NULL,NULL,NULL,NULL,NULL,NULL),(45,'CP000045',1800.00,1000.00,5000.00,4000.00,'2023-07-08 09:03:40',NULL,NULL,NULL,NULL,NULL,NULL,2,1,1,69,NULL,NULL,NULL,NULL,NULL,NULL),(46,'CP000046',5888.20,5000.00,10000.00,5000.00,'2023-07-08 09:17:03',NULL,NULL,NULL,NULL,NULL,NULL,2,1,1,70,NULL,NULL,NULL,NULL,NULL,NULL),(47,'CP000047',1300.00,1000.00,5000.00,4000.00,'2023-07-08 09:36:06',NULL,NULL,NULL,NULL,NULL,NULL,2,1,1,71,NULL,NULL,NULL,NULL,NULL,NULL),(48,'CP000048',1000.00,0.00,1000.00,0.00,'2023-07-08 09:42:25',NULL,NULL,NULL,NULL,NULL,NULL,2,3,1,72,NULL,NULL,NULL,NULL,NULL,NULL),(49,'CP000049',2500.00,0.00,5000.00,2500.00,'2023-07-08 09:48:04',NULL,NULL,NULL,NULL,NULL,NULL,2,3,1,73,NULL,NULL,NULL,NULL,NULL,NULL),(50,'CP000050',1300.00,1000.00,500.00,200.00,'2023-07-08 09:48:57',NULL,NULL,NULL,NULL,NULL,NULL,2,1,1,71,300,NULL,NULL,NULL,NULL,NULL),(51,'CP000051',2850.00,1000.00,5000.00,4000.00,'2023-07-08 12:46:34',NULL,NULL,NULL,NULL,NULL,NULL,2,3,1,76,NULL,NULL,NULL,NULL,NULL,NULL),(52,'CP000052',1300.00,1000.00,1000.00,0.00,'2023-07-08 13:20:18',NULL,NULL,NULL,NULL,NULL,NULL,2,1,1,77,NULL,NULL,NULL,NULL,NULL,NULL),(53,'CP000053',1300.00,1000.00,500.00,200.00,'2023-07-08 13:21:12',NULL,NULL,NULL,NULL,NULL,NULL,2,1,1,77,300,NULL,NULL,NULL,NULL,NULL),(54,'CP000054',3310.00,0.00,5000.00,1690.00,'2023-07-08 14:38:57',NULL,NULL,NULL,NULL,NULL,NULL,2,3,1,78,NULL,NULL,NULL,NULL,NULL,NULL),(55,'CP000055',1020.00,0.00,1500.00,480.00,'2023-07-10 12:45:36',NULL,NULL,NULL,NULL,NULL,NULL,2,3,1,81,NULL,NULL,NULL,NULL,NULL,NULL),(57,'CP000057',200.00,0.00,300.00,100.00,'2023-07-10 17:47:18',NULL,NULL,NULL,NULL,NULL,NULL,2,3,1,83,NULL,NULL,NULL,NULL,NULL,NULL),(58,'CP000058',1320.00,0.00,2000.00,680.00,'2023-07-14 15:20:47',NULL,NULL,NULL,NULL,NULL,NULL,2,1,5,84,NULL,NULL,NULL,NULL,NULL,NULL),(59,'CP000059',800.00,500.00,1000.00,500.00,'2023-07-14 15:23:52',NULL,NULL,NULL,NULL,NULL,NULL,2,1,5,85,NULL,NULL,NULL,NULL,NULL,NULL),(60,'CP000060',2800.00,0.00,4000.00,1200.00,'2023-07-14 15:24:20',NULL,NULL,NULL,NULL,NULL,NULL,2,1,5,86,NULL,NULL,NULL,NULL,NULL,NULL),(61,'CP000061',4550.00,0.00,5000.00,450.00,'2023-07-14 15:28:29',NULL,NULL,NULL,NULL,NULL,NULL,2,1,5,87,NULL,NULL,NULL,NULL,NULL,NULL),(62,'CP000062',1300.00,0.00,2000.00,700.00,'2023-07-14 15:33:01',NULL,NULL,NULL,NULL,NULL,NULL,2,1,5,88,NULL,NULL,NULL,NULL,NULL,NULL),(63,'CP000063',3360.00,0.00,10000.00,6640.00,'2023-07-14 15:40:36',NULL,NULL,NULL,NULL,NULL,NULL,2,1,1,89,NULL,NULL,NULL,NULL,NULL,NULL),(64,'CP000064',800.00,0.00,1000.00,200.00,'2023-07-14 15:49:29',NULL,NULL,NULL,NULL,NULL,NULL,2,1,1,90,NULL,NULL,NULL,NULL,NULL,NULL),(65,'CP000065',1800.00,0.00,2000.00,200.00,'2023-07-14 16:05:45',NULL,NULL,NULL,NULL,NULL,NULL,2,1,1,91,NULL,NULL,NULL,NULL,NULL,NULL),(66,'CP000066',2300.00,0.00,3000.00,700.00,'2023-07-14 16:17:44',NULL,NULL,NULL,NULL,NULL,NULL,2,1,1,92,NULL,NULL,NULL,NULL,NULL,NULL),(67,'CP000067',2340.00,0.00,5000.00,2660.00,'2023-07-14 16:19:05',NULL,NULL,NULL,NULL,NULL,NULL,2,1,1,93,NULL,NULL,NULL,NULL,NULL,NULL),(68,'CP000068',4000.00,0.00,5000.00,1000.00,'2023-07-14 16:19:36',NULL,NULL,NULL,NULL,NULL,NULL,2,1,1,94,NULL,NULL,NULL,NULL,NULL,NULL),(69,'CP000069',6237.50,0.00,10000.00,3762.50,'2023-07-14 16:20:04',NULL,NULL,NULL,NULL,NULL,NULL,2,1,1,95,NULL,NULL,NULL,NULL,NULL,NULL),(70,'CP000070',1800.00,0.00,2000.00,200.00,'2023-07-14 16:22:44',NULL,NULL,NULL,NULL,NULL,NULL,2,1,1,96,NULL,NULL,NULL,NULL,NULL,NULL),(71,'CP000071',800.00,100.00,500.00,400.00,'2023-07-14 16:23:37',NULL,NULL,NULL,NULL,NULL,NULL,2,1,1,97,NULL,NULL,NULL,NULL,NULL,NULL),(72,'CP000072',810.00,500.00,500.00,0.00,'2023-07-14 16:26:06',NULL,NULL,NULL,NULL,NULL,NULL,2,1,1,98,NULL,NULL,NULL,NULL,NULL,NULL),(73,'CP000073',750.00,0.00,1000.00,250.00,'2023-07-14 16:29:25',NULL,NULL,NULL,NULL,NULL,NULL,2,3,1,99,NULL,NULL,NULL,NULL,NULL,NULL),(75,'CP000074',2200.00,1000.00,2000.00,1000.00,'2023-07-15 15:25:15',NULL,NULL,NULL,NULL,NULL,NULL,2,1,6,101,1200,NULL,NULL,NULL,NULL,NULL),(76,'CP000075',2200.00,1000.00,5000.00,3800.00,'2023-07-15 15:41:33',NULL,NULL,NULL,NULL,NULL,NULL,2,1,6,101,0,NULL,NULL,NULL,NULL,NULL),(77,'CP000076',1150.00,500.00,1000.00,500.00,'2023-07-15 16:04:14',NULL,NULL,NULL,NULL,NULL,NULL,2,1,5,102,650,NULL,NULL,NULL,NULL,NULL),(78,'CP000077',500.00,0.00,1000.00,500.00,'2023-07-15 19:29:33',NULL,NULL,NULL,NULL,NULL,NULL,2,1,5,103,NULL,NULL,NULL,NULL,NULL,NULL),(79,'CP000078',2340.00,0.00,5000.00,2660.00,'2023-07-15 19:30:09',NULL,NULL,NULL,NULL,NULL,NULL,2,1,5,104,NULL,NULL,NULL,NULL,NULL,NULL),(80,'CP000079',1300.00,1000.00,5000.00,4000.00,'2023-07-15 19:59:19',NULL,NULL,NULL,NULL,NULL,NULL,2,1,5,105,300,NULL,NULL,NULL,NULL,NULL),(81,'CP000080',1300.00,1000.00,500.00,200.00,'2023-07-15 19:59:55',NULL,NULL,NULL,NULL,NULL,NULL,2,1,5,105,0,NULL,NULL,NULL,NULL,NULL),(82,'CP000081',700.00,0.00,701.00,1.00,'2023-07-17 17:58:22',NULL,NULL,NULL,NULL,NULL,NULL,2,1,5,106,NULL,NULL,NULL,NULL,NULL,NULL),(83,'CP000082',1300.00,1000.00,1000.00,0.00,'2023-07-18 17:02:02',NULL,NULL,NULL,NULL,NULL,NULL,2,1,5,107,300,NULL,NULL,NULL,NULL,NULL),(84,'CP000083',1300.00,1000.00,500.00,200.00,'2023-07-18 17:02:41',NULL,NULL,NULL,NULL,NULL,NULL,2,1,5,107,0,NULL,NULL,NULL,NULL,NULL),(85,'CP000084',240.00,0.00,250.00,10.00,'2023-07-20 08:58:14',NULL,NULL,NULL,NULL,NULL,NULL,2,1,1,108,NULL,NULL,NULL,NULL,NULL,NULL),(86,'CP000085',1140.00,0.00,2000.00,860.00,'2023-07-20 09:04:08',NULL,NULL,NULL,NULL,NULL,NULL,2,1,1,109,NULL,NULL,NULL,NULL,NULL,NULL),(87,'CP000086',1000.00,0.00,1000.00,0.00,'2023-07-20 11:36:26',NULL,NULL,NULL,NULL,NULL,NULL,2,1,1,110,NULL,NULL,NULL,NULL,NULL,NULL),(88,'CP000087',200.00,0.00,200.00,0.00,'2023-07-20 11:37:45',NULL,NULL,NULL,NULL,NULL,NULL,2,1,1,111,NULL,NULL,NULL,NULL,NULL,NULL),(89,'CP000088',1800.00,0.00,2000.00,200.00,'2023-07-27 09:33:50',NULL,NULL,NULL,NULL,NULL,NULL,2,1,1,112,NULL,NULL,NULL,NULL,NULL,NULL),(90,'CP000089',1450.00,0.00,2000.00,550.00,'2023-07-27 18:24:40',NULL,NULL,NULL,NULL,NULL,NULL,2,1,1,113,NULL,NULL,NULL,NULL,NULL,NULL),(91,'CP000090',1450.00,0.00,2000.00,550.00,'2023-07-27 18:26:24',NULL,NULL,NULL,NULL,NULL,NULL,2,1,1,113,NULL,NULL,NULL,NULL,NULL,NULL),(92,'CP000091',1650.00,0.00,2000.00,350.00,'2023-07-27 18:29:36',NULL,NULL,NULL,NULL,NULL,NULL,2,1,1,115,NULL,NULL,NULL,NULL,NULL,NULL),(93,'CP000092',870.00,0.00,1000.00,130.00,'2023-07-27 18:35:10',NULL,NULL,NULL,NULL,NULL,NULL,2,1,1,116,NULL,NULL,NULL,NULL,NULL,NULL),(94,'CP000093',1025.00,0.00,2000.00,975.00,'2023-07-27 18:36:43',NULL,NULL,NULL,NULL,NULL,NULL,2,1,1,117,NULL,NULL,NULL,NULL,NULL,NULL),(95,'CP000094',1255.00,0.00,2000.00,745.00,'2023-07-27 18:52:32',NULL,NULL,NULL,NULL,NULL,NULL,2,1,1,118,NULL,NULL,NULL,NULL,NULL,NULL),(96,'CP000095',1255.00,0.00,2000.00,745.00,'2023-07-27 18:55:39',NULL,NULL,NULL,NULL,NULL,NULL,2,1,1,119,NULL,NULL,NULL,NULL,NULL,NULL),(97,'CP000096',795.00,0.00,1000.00,205.00,'2023-07-27 19:02:16',NULL,NULL,NULL,NULL,NULL,NULL,2,1,1,120,NULL,NULL,NULL,NULL,NULL,NULL),(98,'CP000097',750.00,0.00,1000.00,250.00,'2023-07-27 19:06:48',NULL,NULL,NULL,NULL,NULL,NULL,2,1,1,121,NULL,NULL,NULL,NULL,NULL,NULL),(99,'CP000098',750.00,0.00,1000.00,250.00,'2023-07-27 19:08:43',NULL,NULL,NULL,NULL,NULL,NULL,2,1,1,122,NULL,NULL,NULL,NULL,NULL,NULL),(100,'CP000099',750.00,0.00,1000.00,250.00,'2023-07-27 19:10:23',NULL,NULL,NULL,NULL,NULL,NULL,2,1,1,123,NULL,NULL,NULL,NULL,NULL,NULL),(101,'CP000100',750.00,0.00,1000.00,250.00,'2023-07-27 19:15:48',NULL,NULL,NULL,NULL,NULL,NULL,2,3,1,124,NULL,NULL,NULL,NULL,NULL,NULL),(102,'CP000101',1200.00,1000.00,2000.00,1000.00,'2023-07-27 19:50:57',NULL,NULL,NULL,NULL,NULL,NULL,2,3,1,125,200,NULL,NULL,NULL,NULL,NULL),(103,'CP000102',1670.00,0.00,2000.00,330.00,'2023-07-27 21:11:50',NULL,NULL,NULL,NULL,NULL,NULL,2,1,1,126,NULL,NULL,NULL,NULL,NULL,NULL),(104,'CP000103',1200.00,1000.00,500.00,300.00,'2023-07-28 08:29:05',NULL,NULL,NULL,NULL,NULL,NULL,2,3,1,125,0,NULL,NULL,NULL,NULL,NULL),(105,'CP000104',1200.00,1000.00,2000.00,1000.00,'2023-07-28 08:45:51',NULL,NULL,NULL,NULL,NULL,NULL,2,1,1,127,200,NULL,NULL,NULL,NULL,NULL),(106,'CP000105',1200.00,1000.00,500.00,300.00,'2023-07-28 08:46:41',NULL,NULL,NULL,NULL,NULL,NULL,2,3,1,127,0,NULL,NULL,NULL,NULL,NULL),(107,'CP000106',750.00,0.00,1000.00,250.00,'2023-07-29 13:42:18',NULL,NULL,NULL,NULL,NULL,NULL,2,3,1,128,NULL,NULL,NULL,NULL,NULL,NULL),(108,'CP000107',750.00,0.00,1000.00,250.00,'2023-07-29 13:49:28',NULL,NULL,NULL,NULL,NULL,NULL,2,3,1,129,NULL,NULL,NULL,NULL,NULL,NULL),(109,'CP000108',1200.00,0.00,2000.00,800.00,'2023-07-29 13:51:41',NULL,NULL,NULL,NULL,NULL,NULL,2,3,1,130,NULL,NULL,NULL,NULL,NULL,NULL),(110,'CP000109',810.00,0.00,1000.00,190.00,'2023-07-29 15:01:16',NULL,NULL,NULL,NULL,NULL,NULL,2,1,1,131,NULL,NULL,NULL,NULL,NULL,NULL),(111,'CP000110',1255.00,0.00,2000.00,745.00,'2023-07-29 15:19:16',NULL,NULL,NULL,NULL,NULL,NULL,2,1,1,132,NULL,NULL,NULL,NULL,NULL,NULL),(112,'CP000111',750.00,0.00,1000.00,250.00,'2023-07-29 15:19:59',NULL,NULL,NULL,NULL,NULL,NULL,2,3,1,133,NULL,NULL,NULL,NULL,NULL,NULL),(113,'CP000112',1200.00,1000.00,5000.00,4000.00,'2023-07-29 15:20:59',NULL,NULL,NULL,NULL,NULL,NULL,2,1,1,134,200,NULL,NULL,NULL,NULL,NULL),(114,'CP000113',1200.00,1000.00,500.00,300.00,'2023-07-29 15:21:30',NULL,NULL,NULL,NULL,NULL,NULL,2,1,1,134,0,NULL,NULL,NULL,NULL,NULL),(115,'CP000114',450.00,0.00,500.00,50.00,'2023-07-29 15:41:14',NULL,NULL,NULL,NULL,NULL,NULL,2,1,1,135,NULL,NULL,NULL,NULL,NULL,NULL),(116,'CP000115',750.00,0.00,1000.00,250.00,'2023-07-29 15:49:12',NULL,NULL,NULL,NULL,NULL,NULL,2,1,1,136,NULL,NULL,NULL,NULL,NULL,NULL),(117,'CP000116',750.00,0.00,200.00,200.00,'2023-07-29 15:49:42',NULL,NULL,NULL,NULL,NULL,NULL,2,1,1,137,750,NULL,NULL,NULL,NULL,NULL),(118,'CP000117',1200.00,1000.00,5000.00,4000.00,'2023-07-29 15:51:27',NULL,NULL,NULL,NULL,NULL,NULL,2,1,1,138,200,NULL,NULL,NULL,NULL,NULL),(119,'CP000118',1200.00,1000.00,500.00,300.00,'2023-07-29 15:52:00',NULL,NULL,NULL,NULL,NULL,NULL,2,1,1,138,0,NULL,NULL,NULL,NULL,NULL),(120,'CP000119',800.00,0.00,1000.00,200.00,'2023-07-29 15:52:31',NULL,NULL,NULL,NULL,NULL,NULL,2,1,1,139,NULL,NULL,NULL,NULL,NULL,NULL),(121,'CP000120',900.00,0.00,1000.00,100.00,'2023-07-29 16:13:49',NULL,NULL,NULL,NULL,NULL,NULL,2,3,1,140,NULL,NULL,NULL,NULL,NULL,NULL),(122,'CP000121',1200.00,0.00,2000.00,800.00,'2023-07-30 12:10:00',NULL,NULL,NULL,NULL,NULL,NULL,2,3,1,141,NULL,NULL,NULL,NULL,NULL,NULL),(123,'CP000122',1200.00,1000.00,5000.00,4000.00,'2023-07-30 12:40:56',NULL,NULL,NULL,NULL,NULL,NULL,2,1,1,142,200,NULL,NULL,NULL,NULL,NULL),(124,'CP000123',1200.00,1000.00,500.00,300.00,'2023-07-30 12:41:27',NULL,NULL,NULL,NULL,NULL,NULL,2,1,1,142,0,NULL,NULL,NULL,NULL,NULL),(125,'CP000124',850.00,0.00,1000.00,150.00,'2023-07-31 08:20:59',NULL,NULL,NULL,NULL,NULL,NULL,2,1,5,143,NULL,NULL,NULL,NULL,NULL,NULL),(126,'CP000125',2400.00,0.00,3000.00,600.00,'2023-07-31 10:51:50',NULL,NULL,NULL,NULL,NULL,NULL,2,1,5,144,NULL,NULL,NULL,NULL,NULL,NULL),(127,'CP000126',2700.00,0.00,3000.00,300.00,'2023-07-31 10:56:33',NULL,NULL,NULL,NULL,NULL,NULL,2,1,5,145,NULL,NULL,NULL,NULL,NULL,NULL),(128,'CP000127',1300.00,0.00,1500.00,200.00,'2023-07-31 19:13:01',NULL,NULL,NULL,NULL,NULL,NULL,2,1,5,146,NULL,NULL,NULL,NULL,NULL,NULL),(129,'CP000128',12387.75,0.00,10000.00,4361.30,'2023-08-01 08:03:34',NULL,NULL,NULL,NULL,NULL,NULL,2,1,5,147,NULL,NULL,NULL,NULL,NULL,NULL),(130,'CP000129',300.00,100.00,1000.00,900.00,'2023-08-01 09:53:17',NULL,NULL,NULL,NULL,NULL,NULL,2,3,5,148,200,NULL,NULL,NULL,NULL,NULL),(131,'CP000130',820.00,1000.00,1000.00,0.00,'2023-08-01 10:04:17',NULL,NULL,NULL,NULL,NULL,NULL,2,1,5,149,-700,NULL,NULL,NULL,NULL,NULL),(132,'CP000131',3000.00,1000.00,1000.00,0.00,'2023-08-01 10:13:21',NULL,NULL,NULL,NULL,NULL,NULL,2,1,5,150,2000,NULL,NULL,NULL,NULL,NULL),(133,'CP000132',1000.00,0.00,1000.00,0.00,'2023-08-01 10:53:59',NULL,NULL,NULL,NULL,NULL,NULL,2,1,5,151,NULL,NULL,NULL,NULL,NULL,NULL),(134,'CP000133',3820.00,0.00,5000.00,1180.00,'2023-08-01 20:14:21',NULL,NULL,NULL,NULL,NULL,NULL,2,1,5,152,NULL,NULL,NULL,NULL,NULL,NULL),(135,'CP000134',3165.00,0.00,5000.00,1835.00,'2023-08-01 20:15:08',NULL,NULL,NULL,NULL,NULL,NULL,2,1,5,153,NULL,NULL,NULL,NULL,NULL,NULL),(136,'CP000135',3000.00,1000.00,2000.00,0.00,'2023-08-01 20:44:20',NULL,NULL,NULL,NULL,NULL,NULL,2,1,5,150,0,NULL,NULL,NULL,NULL,NULL),(137,'CP000136',2100.00,1000.00,1000.00,0.00,'2023-08-01 20:54:16',NULL,NULL,NULL,NULL,NULL,NULL,2,1,5,154,1100,NULL,NULL,NULL,NULL,NULL),(138,'CP000137',2100.00,1000.00,2000.00,1000.00,'2023-08-01 21:01:28',NULL,NULL,NULL,NULL,NULL,NULL,2,1,5,155,1100,NULL,NULL,NULL,NULL,NULL),(139,'CP000138',3000.00,1000.00,1000.00,0.00,'2023-08-01 21:14:18',NULL,NULL,NULL,NULL,NULL,NULL,2,1,5,156,2000,NULL,NULL,NULL,NULL,NULL),(140,'CP000139',3000.00,1000.00,5000.00,3000.00,'2023-08-01 21:15:13',NULL,NULL,NULL,NULL,NULL,NULL,2,1,5,156,0,NULL,NULL,NULL,NULL,NULL),(141,'CP000140',2700.00,1000.00,1000.00,0.00,'2023-08-01 21:48:15',NULL,NULL,NULL,NULL,NULL,NULL,2,1,5,157,1700,NULL,NULL,NULL,NULL,NULL),(142,'CP000141',2700.00,1000.00,5000.00,3300.00,'2023-08-01 21:52:36',NULL,NULL,NULL,NULL,NULL,NULL,1,1,5,157,0,NULL,NULL,NULL,NULL,NULL),(143,'CP000142',458.00,0.00,500.00,42.00,'2023-08-02 10:13:31',NULL,NULL,NULL,NULL,NULL,NULL,2,1,5,158,NULL,NULL,NULL,NULL,NULL,NULL),(144,'CP000143',4250.00,0.00,5000.00,750.00,'2023-08-03 12:21:41',NULL,NULL,NULL,NULL,NULL,NULL,2,1,6,162,NULL,NULL,NULL,NULL,NULL,NULL),(145,'CP000144',3300.00,0.00,5000.00,1700.00,'2023-08-03 12:23:55',NULL,NULL,NULL,NULL,NULL,NULL,2,1,6,163,NULL,NULL,NULL,NULL,NULL,NULL),(146,'CP000145',3300.00,0.00,5000.00,1700.00,'2023-08-03 12:24:20',NULL,NULL,NULL,NULL,NULL,NULL,2,1,6,163,NULL,NULL,NULL,NULL,NULL,NULL),(147,'CP000146',1500.00,0.00,5000.00,3500.00,'2023-08-03 12:29:22',NULL,NULL,NULL,NULL,NULL,NULL,2,1,1,165,NULL,NULL,NULL,NULL,NULL,NULL),(148,'CP000147',2100.00,0.00,5000.00,2900.00,'2023-08-03 12:35:31',NULL,NULL,NULL,NULL,NULL,NULL,2,1,1,166,NULL,NULL,NULL,NULL,NULL,NULL),(149,'CP000148',1000.00,0.00,5000.00,4000.00,'2023-08-03 12:39:55',NULL,NULL,NULL,NULL,NULL,NULL,2,1,1,167,NULL,NULL,NULL,NULL,NULL,NULL),(150,'CP000149',2400.00,0.00,5000.00,2600.00,'2023-08-03 12:47:34',NULL,NULL,NULL,NULL,NULL,NULL,2,1,1,168,NULL,NULL,NULL,NULL,NULL,NULL),(151,'CP000150',1340.00,0.00,5000.00,3660.00,'2023-08-03 12:55:11',NULL,NULL,NULL,NULL,NULL,NULL,2,1,1,169,NULL,NULL,NULL,NULL,NULL,NULL),(152,'CP000151',3100.00,0.00,5000.00,1900.00,'2023-08-03 12:57:29',NULL,NULL,NULL,NULL,NULL,NULL,2,1,1,170,NULL,NULL,NULL,NULL,NULL,NULL),(153,'CP000152',1000.00,0.00,5000.00,4000.00,'2023-08-03 13:06:36',NULL,NULL,NULL,NULL,NULL,NULL,2,1,5,171,NULL,NULL,NULL,NULL,NULL,NULL),(154,'CP000153',1500.00,0.00,5000.00,3500.00,'2023-08-03 13:24:13',NULL,NULL,NULL,NULL,NULL,NULL,2,1,1,172,NULL,NULL,NULL,NULL,NULL,NULL),(155,'CP000154',7577.20,0.00,10000.00,2422.80,'2023-08-03 15:22:17',NULL,NULL,NULL,NULL,NULL,NULL,2,1,5,173,NULL,NULL,NULL,NULL,NULL,NULL),(156,'CP000155',2250.00,0.00,5000.00,2750.00,'2023-08-04 17:33:28',NULL,NULL,NULL,NULL,NULL,NULL,2,1,5,174,NULL,NULL,NULL,NULL,NULL,NULL),(157,'CP000156',1350.00,0.00,2000.00,650.00,'2023-08-04 17:34:49',NULL,NULL,NULL,NULL,NULL,NULL,2,1,5,175,NULL,NULL,NULL,NULL,NULL,NULL),(158,'CP000157',900.00,0.00,1000.00,100.00,'2023-08-04 17:43:55',NULL,NULL,NULL,NULL,NULL,NULL,2,1,5,176,NULL,NULL,NULL,NULL,NULL,NULL),(159,'CP000158',900.00,0.00,1000.00,100.00,'2023-08-04 17:47:26',NULL,NULL,NULL,NULL,NULL,NULL,2,1,5,177,NULL,NULL,NULL,NULL,NULL,NULL),(160,'CP000159',1800.00,0.00,2000.00,200.00,'2023-08-04 17:51:46',NULL,NULL,NULL,NULL,NULL,NULL,2,1,5,178,NULL,NULL,NULL,NULL,NULL,NULL),(161,'CP000160',2250.00,0.00,5000.00,2750.00,'2023-08-04 17:54:06',NULL,NULL,NULL,NULL,NULL,NULL,2,1,5,179,NULL,NULL,NULL,NULL,NULL,NULL),(162,'CP000161',1120.00,0.00,2000.00,880.00,'2023-08-04 18:48:55',NULL,NULL,NULL,NULL,NULL,NULL,2,1,5,180,NULL,NULL,NULL,NULL,NULL,NULL),(163,'CP000162',4750.00,0.00,5000.00,250.00,'2023-08-04 20:27:21',NULL,NULL,NULL,NULL,NULL,NULL,2,1,6,181,NULL,NULL,NULL,NULL,NULL,NULL),(164,'CP000163',4100.00,0.00,5000.00,900.00,'2023-08-04 20:56:22',NULL,NULL,NULL,NULL,NULL,NULL,2,1,6,182,NULL,NULL,NULL,NULL,NULL,NULL),(165,'CP000164',1000.00,0.00,2000.00,1000.00,'2023-08-05 11:04:33',NULL,NULL,NULL,NULL,NULL,NULL,2,1,6,183,NULL,NULL,NULL,NULL,NULL,NULL),(166,'CP000165',1350.00,0.00,2000.00,650.00,'2023-08-05 11:14:14',NULL,NULL,NULL,NULL,NULL,NULL,2,3,6,184,NULL,NULL,NULL,NULL,NULL,NULL),(167,'CP000166',3800.00,1000.00,1000.00,0.00,'2023-08-05 11:25:21',NULL,NULL,NULL,NULL,NULL,NULL,2,1,6,185,2800,NULL,NULL,NULL,NULL,NULL),(168,'CP000167',3800.00,1000.00,5000.00,2200.00,'2023-08-05 11:27:17',NULL,NULL,NULL,NULL,NULL,NULL,2,1,6,185,0,NULL,NULL,NULL,NULL,NULL),(169,'CP000168',2800.00,0.00,5000.00,2200.00,'2023-08-05 11:31:34',NULL,NULL,NULL,NULL,NULL,NULL,2,1,6,186,NULL,NULL,NULL,NULL,NULL,NULL),(170,'CP000169',2788.00,0.00,3000.00,212.00,'2023-08-05 13:52:23',NULL,NULL,NULL,NULL,NULL,NULL,2,1,6,187,NULL,NULL,NULL,NULL,NULL,NULL),(171,'CP000170',600.00,0.00,1000.00,400.00,'2023-08-05 14:08:13',NULL,NULL,NULL,NULL,NULL,NULL,2,1,6,188,NULL,NULL,NULL,NULL,NULL,NULL);
/*!40000 ALTER TABLE `customerpayment` ENABLE KEYS */;
UNLOCK TABLES;

--
-- Table structure for table `customerstatus`
--

DROP TABLE IF EXISTS `customerstatus`;
/*!40101 SET @saved_cs_client     = @@character_set_client */;
/*!50503 SET character_set_client = utf8mb4 */;
CREATE TABLE `customerstatus` (
  `id` int NOT NULL,
  `name` varchar(45) NOT NULL,
  PRIMARY KEY (`id`)
) ENGINE=InnoDB DEFAULT CHARSET=utf8mb3;
/*!40101 SET character_set_client = @saved_cs_client */;

--
-- Dumping data for table `customerstatus`
--

LOCK TABLES `customerstatus` WRITE;
/*!40000 ALTER TABLE `customerstatus` DISABLE KEYS */;
INSERT INTO `customerstatus` VALUES (1,'New'),(2,'Raguler'),(3,'In-Active'),(4,'Deleted');
/*!40000 ALTER TABLE `customerstatus` ENABLE KEYS */;
UNLOCK TABLES;

--
-- Table structure for table `customertype`
--

DROP TABLE IF EXISTS `customertype`;
/*!40101 SET @saved_cs_client     = @@character_set_client */;
/*!50503 SET character_set_client = utf8mb4 */;
CREATE TABLE `customertype` (
  `id` int NOT NULL AUTO_INCREMENT,
  `name` varchar(45) NOT NULL,
  PRIMARY KEY (`id`)
) ENGINE=InnoDB AUTO_INCREMENT=3 DEFAULT CHARSET=utf8mb3;
/*!40101 SET character_set_client = @saved_cs_client */;

--
-- Dumping data for table `customertype`
--

LOCK TABLES `customertype` WRITE;
/*!40000 ALTER TABLE `customertype` DISABLE KEYS */;
INSERT INTO `customertype` VALUES (1,'Guest'),(2,'Regular');
/*!40000 ALTER TABLE `customertype` ENABLE KEYS */;
UNLOCK TABLES;

--
-- Table structure for table `dailyremove`
--

DROP TABLE IF EXISTS `dailyremove`;
/*!40101 SET @saved_cs_client     = @@character_set_client */;
/*!50503 SET character_set_client = utf8mb4 */;
CREATE TABLE `dailyremove` (
  `id` int NOT NULL AUTO_INCREMENT,
  `dailyremovecode` char(10) NOT NULL,
  `material_id` int NOT NULL,
  `removeqty` decimal(10,3) NOT NULL,
  `removereason_id` int NOT NULL,
  `dailyremovedate` date NOT NULL,
  `description` text,
  `dailyremovestatus_id` int NOT NULL,
  `employee_id` int NOT NULL,
  PRIMARY KEY (`id`),
  KEY `fk_dailyremove_removereason1_idx` (`removereason_id`),
  KEY `fk_dailyremove_dailyremovestatus1_idx` (`dailyremovestatus_id`),
  KEY `fk_dailyremove_material1_idx` (`material_id`),
  KEY `fk_dailyremove_employee1_idx` (`employee_id`),
  CONSTRAINT `fk_dailyremove_dailyremovestatus1` FOREIGN KEY (`dailyremovestatus_id`) REFERENCES `dailyremovestatus` (`id`),
  CONSTRAINT `fk_dailyremove_employee1` FOREIGN KEY (`employee_id`) REFERENCES `employee` (`id`),
  CONSTRAINT `fk_dailyremove_material1` FOREIGN KEY (`material_id`) REFERENCES `material` (`id`),
  CONSTRAINT `fk_dailyremove_removereason1` FOREIGN KEY (`removereason_id`) REFERENCES `removereason` (`id`)
) ENGINE=InnoDB AUTO_INCREMENT=11 DEFAULT CHARSET=utf8mb3;
/*!40101 SET character_set_client = @saved_cs_client */;

--
-- Dumping data for table `dailyremove`
--

LOCK TABLES `dailyremove` WRITE;
/*!40000 ALTER TABLE `dailyremove` DISABLE KEYS */;
INSERT INTO `dailyremove` VALUES (1,'MDR0000001',1,400.000,2,'2021-02-12',NULL,3,1),(2,'MDR0000002',3,200.000,2,'2021-11-09','',1,1),(3,'MDR0000003',2,150.000,2,'2021-11-10',NULL,1,1),(4,'MDR0000004',2,150.000,2,'2021-11-19','',1,1),(5,'MDR0000005',2,200.000,1,'2021-12-24',NULL,3,1),(6,'MDR0000006',3,1.000,1,'2023-07-10',NULL,1,1),(7,'MDR0000007',7,1.000,1,'2023-07-10',NULL,1,1),(8,'MDR0000008',7,1.000,1,'2023-07-10',NULL,1,1),(9,'MDR0000009',28,0.020,1,'2023-08-04',NULL,1,5),(10,'MDR0000010',27,0.005,1,'2023-08-04',NULL,1,5);
/*!40000 ALTER TABLE `dailyremove` ENABLE KEYS */;
UNLOCK TABLES;

--
-- Table structure for table `dailyremovestatus`
--

DROP TABLE IF EXISTS `dailyremovestatus`;
/*!40101 SET @saved_cs_client     = @@character_set_client */;
/*!50503 SET character_set_client = utf8mb4 */;
CREATE TABLE `dailyremovestatus` (
  `id` int NOT NULL AUTO_INCREMENT,
  `name` varchar(45) NOT NULL,
  PRIMARY KEY (`id`)
) ENGINE=InnoDB AUTO_INCREMENT=4 DEFAULT CHARSET=utf8mb3;
/*!40101 SET character_set_client = @saved_cs_client */;

--
-- Dumping data for table `dailyremovestatus`
--

LOCK TABLES `dailyremovestatus` WRITE;
/*!40000 ALTER TABLE `dailyremovestatus` DISABLE KEYS */;
INSERT INTO `dailyremovestatus` VALUES (1,'Removed'),(3,'Deleted');
/*!40000 ALTER TABLE `dailyremovestatus` ENABLE KEYS */;
UNLOCK TABLES;

--
-- Table structure for table `dailyusage`
--

DROP TABLE IF EXISTS `dailyusage`;
/*!40101 SET @saved_cs_client     = @@character_set_client */;
/*!50503 SET character_set_client = utf8mb4 */;
CREATE TABLE `dailyusage` (
  `id` int NOT NULL AUTO_INCREMENT,
  `reservation_id` int NOT NULL,
  `usageqty` decimal(10,3) NOT NULL,
  `material_id` int NOT NULL,
  `addeddate` date NOT NULL,
  PRIMARY KEY (`id`),
  KEY `fk_dailuusage_reservation1_idx` (`reservation_id`),
  KEY `fk_dailyusage_material1_idx` (`material_id`),
  CONSTRAINT `fk_dailuusage_reservation1` FOREIGN KEY (`reservation_id`) REFERENCES `reservation` (`id`),
  CONSTRAINT `fk_dailyusage_material1` FOREIGN KEY (`material_id`) REFERENCES `material` (`id`)
) ENGINE=InnoDB AUTO_INCREMENT=145 DEFAULT CHARSET=utf8mb3;
/*!40101 SET character_set_client = @saved_cs_client */;

--
-- Dumping data for table `dailyusage`
--

LOCK TABLES `dailyusage` WRITE;
/*!40000 ALTER TABLE `dailyusage` DISABLE KEYS */;
INSERT INTO `dailyusage` VALUES (1,25,2.000,1,'2023-06-18'),(2,62,10.000,1,'2023-06-18'),(3,62,10.000,1,'2023-06-18'),(4,64,10.000,1,'2023-06-18'),(5,64,10.000,1,'2023-06-18'),(6,78,10.000,1,'2023-07-08'),(7,82,25.000,1,'2023-07-10'),(8,83,1.000,1,'2023-07-10'),(9,99,4.000,2,'2023-07-14'),(10,99,1.000,7,'2023-07-14'),(11,101,8.000,2,'2023-07-15'),(12,101,2.000,7,'2023-07-15'),(13,101,8.000,2,'2023-07-15'),(14,101,2.000,7,'2023-07-15'),(15,108,0.000,32,'2023-07-20'),(16,108,0.000,2,'2023-07-20'),(17,108,0.000,8,'2023-07-20'),(18,108,0.000,5,'2023-07-20'),(19,109,0.000,32,'2023-07-20'),(20,109,0.000,2,'2023-07-20'),(21,109,0.000,8,'2023-07-20'),(22,109,0.000,5,'2023-07-20'),(23,110,0.000,14,'2023-07-20'),(24,110,0.000,13,'2023-07-20'),(25,110,1.000,1,'2023-07-20'),(26,110,0.000,5,'2023-07-20'),(27,111,0.000,14,'2023-07-20'),(28,111,0.000,13,'2023-07-20'),(29,111,0.000,1,'2023-07-20'),(30,111,0.000,5,'2023-07-20'),(31,112,0.000,6,'2023-07-27'),(32,123,4.000,2,'2023-07-27'),(33,123,1.000,7,'2023-07-27'),(34,124,4.000,2,'2023-07-27'),(35,124,1.000,7,'2023-07-27'),(36,125,8.000,2,'2023-07-27'),(37,125,2.000,7,'2023-07-27'),(38,125,8.000,2,'2023-07-28'),(39,125,2.000,7,'2023-07-28'),(40,127,8.000,2,'2023-07-28'),(41,127,2.000,7,'2023-07-28'),(42,128,4.000,2,'2023-07-29'),(43,128,1.000,7,'2023-07-29'),(44,129,4.000,2,'2023-07-29'),(45,129,1.000,7,'2023-07-29'),(50,134,8.000,2,'2023-07-29'),(51,134,2.000,7,'2023-07-29'),(52,134,8.000,2,'2023-07-29'),(53,134,2.000,7,'2023-07-29'),(54,135,4.000,2,'2023-07-29'),(55,135,1.000,7,'2023-07-29'),(56,136,4.000,2,'2023-07-29'),(57,136,1.000,7,'2023-07-29'),(58,137,4.000,2,'2023-07-29'),(59,137,1.000,7,'2023-07-29'),(60,138,8.000,2,'2023-07-29'),(61,138,2.000,7,'2023-07-29'),(66,142,8.000,2,'2023-07-30'),(67,142,2.000,7,'2023-07-30'),(68,158,20.000,7,'2023-08-02'),(69,162,0.000,29,'2023-08-03'),(70,162,0.000,5,'2023-08-03'),(71,162,0.000,19,'2023-08-03'),(72,162,0.000,2,'2023-08-03'),(73,162,1.000,21,'2023-08-03'),(74,162,0.000,5,'2023-08-03'),(75,162,0.000,19,'2023-08-03'),(76,162,1.000,21,'2023-08-03'),(77,162,0.000,2,'2023-08-03'),(78,162,0.000,5,'2023-08-03'),(79,171,0.000,32,'2023-08-03'),(80,171,0.000,2,'2023-08-03'),(81,171,0.000,27,'2023-08-03'),(82,171,0.000,5,'2023-08-03'),(83,171,0.000,19,'2023-08-03'),(84,171,0.000,2,'2023-08-03'),(85,171,0.000,21,'2023-08-03'),(86,171,0.000,5,'2023-08-03'),(87,171,0.000,29,'2023-08-03'),(88,171,0.000,5,'2023-08-03'),(89,171,0.000,12,'2023-08-03'),(90,171,0.000,13,'2023-08-03'),(91,171,0.000,25,'2023-08-03'),(92,171,0.000,5,'2023-08-03'),(93,173,6.000,8,'2023-08-03'),(94,173,0.000,5,'2023-08-03'),(95,173,0.000,19,'2023-08-03'),(96,173,0.000,2,'2023-08-03'),(97,173,1.000,21,'2023-08-03'),(98,173,0.000,5,'2023-08-03'),(99,173,1.000,29,'2023-08-03'),(100,173,0.000,5,'2023-08-03'),(101,174,20.000,2,'2023-08-04'),(102,174,5.000,7,'2023-08-04'),(103,175,12.000,2,'2023-08-04'),(104,175,3.000,7,'2023-08-04'),(105,176,8.000,2,'2023-08-04'),(106,176,2.000,7,'2023-08-04'),(107,177,8.000,2,'2023-08-04'),(108,177,2.000,7,'2023-08-04'),(109,178,16.000,2,'2023-08-04'),(110,178,4.000,7,'2023-08-04'),(111,179,20.000,2,'2023-08-04'),(112,179,5.000,7,'2023-08-04'),(113,181,4.000,8,'2023-08-04'),(114,181,0.050,5,'2023-08-04'),(115,181,0.150,19,'2023-08-04'),(116,181,0.100,2,'2023-08-04'),(117,181,0.500,21,'2023-08-04'),(118,181,0.050,5,'2023-08-04'),(119,181,0.400,29,'2023-08-04'),(120,181,0.050,5,'2023-08-04'),(121,182,3.200,8,'2023-08-04'),(122,182,0.040,5,'2023-08-04'),(123,182,0.120,19,'2023-08-04'),(124,182,0.080,2,'2023-08-04'),(125,182,0.400,21,'2023-08-04'),(126,182,0.040,5,'2023-08-04'),(127,182,0.320,29,'2023-08-04'),(128,182,0.040,5,'2023-08-04'),(131,185,0.025,32,'2023-08-05'),(132,185,0.000,2,'2023-08-05'),(133,185,0.000,27,'2023-08-05'),(134,185,0.000,5,'2023-08-05'),(135,185,0.150,19,'2023-08-05'),(136,185,0.100,2,'2023-08-05'),(137,185,0.500,21,'2023-08-05'),(138,185,0.050,5,'2023-08-05'),(139,185,0.400,29,'2023-08-05'),(140,185,0.050,5,'2023-08-05'),(141,185,0.050,12,'2023-08-05'),(142,185,0.250,13,'2023-08-05'),(143,185,0.250,25,'2023-08-05'),(144,185,0.050,5,'2023-08-05');
/*!40000 ALTER TABLE `dailyusage` ENABLE KEYS */;
UNLOCK TABLES;

--
-- Table structure for table `deletedcustomer`
--

DROP TABLE IF EXISTS `deletedcustomer`;
/*!40101 SET @saved_cs_client     = @@character_set_client */;
/*!50503 SET character_set_client = utf8mb4 */;
CREATE TABLE `deletedcustomer` (
  `id` int NOT NULL AUTO_INCREMENT,
  `regno` char(10) NOT NULL,
  `fname` varchar(150) DEFAULT NULL,
  `customerstatus_id` int NOT NULL,
  PRIMARY KEY (`id`),
  KEY `fk_deletedcustomer_customerstatus1_idx` (`customerstatus_id`),
  CONSTRAINT `fk_deletedcustomer_customerstatus1` FOREIGN KEY (`customerstatus_id`) REFERENCES `customerstatus` (`id`)
) ENGINE=InnoDB DEFAULT CHARSET=utf8mb3;
/*!40101 SET character_set_client = @saved_cs_client */;

--
-- Dumping data for table `deletedcustomer`
--

LOCK TABLES `deletedcustomer` WRITE;
/*!40000 ALTER TABLE `deletedcustomer` DISABLE KEYS */;
/*!40000 ALTER TABLE `deletedcustomer` ENABLE KEYS */;
UNLOCK TABLES;

--
-- Table structure for table `designation`
--

DROP TABLE IF EXISTS `designation`;
/*!40101 SET @saved_cs_client     = @@character_set_client */;
/*!50503 SET character_set_client = utf8mb4 */;
CREATE TABLE `designation` (
  `id` int NOT NULL AUTO_INCREMENT,
  `name` varchar(100) DEFAULT NULL,
  PRIMARY KEY (`id`)
) ENGINE=InnoDB AUTO_INCREMENT=5 DEFAULT CHARSET=utf8mb3;
/*!40101 SET character_set_client = @saved_cs_client */;

--
-- Dumping data for table `designation`
--

LOCK TABLES `designation` WRITE;
/*!40000 ALTER TABLE `designation` DISABLE KEYS */;
INSERT INTO `designation` VALUES (1,'Admin'),(2,'Manager'),(3,'Cashier'),(4,'Asistant manager');
/*!40000 ALTER TABLE `designation` ENABLE KEYS */;
UNLOCK TABLES;

--
-- Table structure for table `employee`
--

DROP TABLE IF EXISTS `employee`;
/*!40101 SET @saved_cs_client     = @@character_set_client */;
/*!50503 SET character_set_client = utf8mb4 */;
CREATE TABLE `employee` (
  `id` int NOT NULL AUTO_INCREMENT,
  `number` char(6) NOT NULL,
  `callingname` varchar(100) NOT NULL,
  `fullname` varchar(225) NOT NULL,
  `nic` char(12) NOT NULL,
  `dobirth` date DEFAULT NULL,
  `mobile` char(10) NOT NULL,
  `land` char(10) DEFAULT NULL,
  `email` varchar(45) DEFAULT NULL,
  `addeddate_time` datetime DEFAULT NULL,
  `employeestatus_id` int NOT NULL,
  `civilstatus_id` int NOT NULL,
  `designation_id` int NOT NULL,
  `last_update_date_time` datetime DEFAULT NULL,
  `delete_date_time` datetime DEFAULT NULL,
  `gender_id` int NOT NULL,
  `address` varchar(45) NOT NULL,
  `description` varchar(45) DEFAULT NULL,
  `photo` mediumblob,
  PRIMARY KEY (`id`),
  UNIQUE KEY `number_UNIQUE` (`number`),
  UNIQUE KEY `nic_UNIQUE` (`nic`),
  KEY `fk_employee_employeestatus1_idx` (`employeestatus_id`),
  KEY `fk_employee_civilstatus1_idx` (`civilstatus_id`),
  KEY `fk_employee_designation1_idx` (`designation_id`),
  KEY `fk_employee_gender1_idx` (`gender_id`),
  CONSTRAINT `fk_employee_civilstatus1` FOREIGN KEY (`civilstatus_id`) REFERENCES `civilstatus` (`id`),
  CONSTRAINT `fk_employee_designation1` FOREIGN KEY (`designation_id`) REFERENCES `designation` (`id`),
  CONSTRAINT `fk_employee_employeestatus1` FOREIGN KEY (`employeestatus_id`) REFERENCES `employeestatus` (`id`),
  CONSTRAINT `fk_employee_gender1` FOREIGN KEY (`gender_id`) REFERENCES `gender` (`id`)
) ENGINE=InnoDB AUTO_INCREMENT=8 DEFAULT CHARSET=utf8mb3;
/*!40101 SET character_set_client = @saved_cs_client */;

--
-- Dumping data for table `employee`
--

LOCK TABLES `employee` WRITE;
/*!40000 ALTER TABLE `employee` DISABLE KEYS */;
INSERT INTO `employee` VALUES (1,'190001','Admin','Admisistration','6645698715V',NULL,'0717485964','0112754896','','2021-01-01 00:00:00',1,1,1,NULL,NULL,1,'',NULL,NULL),(2,'200001','Wasantha','Wasantha Kumara','8065472135V',NULL,'0754235412',NULL,'','2021-01-01 00:00:00',1,1,2,NULL,NULL,1,'',NULL,NULL),(3,'210001','Ransara','Hasitha Ransara','9947895425V',NULL,'0753214587','0415789654','','2021-01-01 00:00:00',1,1,3,NULL,NULL,1,'',NULL,NULL),(4,'220001','Tharana','Tharanga Darshani','967751979V',NULL,'0773419789','0112762559','','2022-05-28 00:00:00',1,1,4,NULL,NULL,1,'',NULL,NULL),(5,'230001','Lakmal','Lakmal Asela','952852302V','1995-10-12','0756273298','0112768908',NULL,NULL,1,1,2,NULL,NULL,1,'Nugegoda',NULL,NULL),(6,'230002','Saman','Saman Perera','843212345V','1984-11-16','0712222548','0112457896',NULL,NULL,1,1,3,NULL,NULL,1,'Hokandara',NULL,NULL),(7,'230003','Kumar','Kumar Senarath','952134234V','1995-08-01','0716432145',NULL,NULL,NULL,3,1,2,NULL,NULL,1,'Matara',NULL,NULL);
/*!40000 ALTER TABLE `employee` ENABLE KEYS */;
UNLOCK TABLES;

--
-- Table structure for table `employeestatus`
--

DROP TABLE IF EXISTS `employeestatus`;
/*!40101 SET @saved_cs_client     = @@character_set_client */;
/*!50503 SET character_set_client = utf8mb4 */;
CREATE TABLE `employeestatus` (
  `id` int NOT NULL AUTO_INCREMENT,
  `name` varchar(100) DEFAULT NULL,
  PRIMARY KEY (`id`)
) ENGINE=InnoDB AUTO_INCREMENT=4 DEFAULT CHARSET=utf8mb3;
/*!40101 SET character_set_client = @saved_cs_client */;

--
-- Dumping data for table `employeestatus`
--

LOCK TABLES `employeestatus` WRITE;
/*!40000 ALTER TABLE `employeestatus` DISABLE KEYS */;
INSERT INTO `employeestatus` VALUES (1,'Working'),(2,'Resign'),(3,'Deleted');
/*!40000 ALTER TABLE `employeestatus` ENABLE KEYS */;
UNLOCK TABLES;

--
-- Table structure for table `gender`
--

DROP TABLE IF EXISTS `gender`;
/*!40101 SET @saved_cs_client     = @@character_set_client */;
/*!50503 SET character_set_client = utf8mb4 */;
CREATE TABLE `gender` (
  `id` int NOT NULL AUTO_INCREMENT,
  `name` varchar(45) NOT NULL,
  PRIMARY KEY (`id`)
) ENGINE=InnoDB AUTO_INCREMENT=3 DEFAULT CHARSET=utf8mb3;
/*!40101 SET character_set_client = @saved_cs_client */;

--
-- Dumping data for table `gender`
--

LOCK TABLES `gender` WRITE;
/*!40000 ALTER TABLE `gender` DISABLE KEYS */;
INSERT INTO `gender` VALUES (1,'Male'),(2,'Female');
/*!40000 ALTER TABLE `gender` ENABLE KEYS */;
UNLOCK TABLES;

--
-- Table structure for table `grn`
--

DROP TABLE IF EXISTS `grn`;
/*!40101 SET @saved_cs_client     = @@character_set_client */;
/*!50503 SET character_set_client = utf8mb4 */;
CREATE TABLE `grn` (
  `id` int NOT NULL AUTO_INCREMENT,
  `grncode` char(10) NOT NULL,
  `supplierinvoiceno` char(45) NOT NULL,
  `receiveddate` date NOT NULL,
  `totalamount` decimal(10,2) NOT NULL,
  `discountratio` decimal(10,0) NOT NULL,
  `nettotal` decimal(10,2) NOT NULL,
  `addeddate` date NOT NULL,
  `description` text,
  `grnstatus_id` int NOT NULL,
  `employee_id` int NOT NULL,
  `porder_id` int NOT NULL,
  PRIMARY KEY (`id`),
  KEY `fk_grn_grnstatus1_idx` (`grnstatus_id`),
  KEY `fk_grn_employee1_idx` (`employee_id`),
  KEY `fk_grn_porder1_idx` (`porder_id`),
  CONSTRAINT `fk_grn_employee1` FOREIGN KEY (`employee_id`) REFERENCES `employee` (`id`),
  CONSTRAINT `fk_grn_grnstatus1` FOREIGN KEY (`grnstatus_id`) REFERENCES `grnstatus` (`id`),
  CONSTRAINT `fk_grn_porder1` FOREIGN KEY (`porder_id`) REFERENCES `porder` (`id`)
) ENGINE=InnoDB AUTO_INCREMENT=32 DEFAULT CHARSET=utf8mb3;
/*!40101 SET character_set_client = @saved_cs_client */;

--
-- Dumping data for table `grn`
--

LOCK TABLES `grn` WRITE;
/*!40000 ALTER TABLE `grn` DISABLE KEYS */;
INSERT INTO `grn` VALUES (1,'GRN000001','1','2021-06-05',1000.00,10,100.00,'2021-06-25',NULL,3,1,1),(8,'GRN000002','10','2021-12-11',100.00,10,10.00,'2021-12-23',NULL,1,1,7),(9,'GRN000003','11','2021-12-14',100.00,10,10.00,'2021-12-23',NULL,1,1,7),(13,'GRN000004','10','2021-12-21',0.00,0,0.00,'2021-12-30',NULL,1,1,7),(14,'SGRN000005','123','2022-05-18',200.00,0,0.00,'2022-05-28',NULL,1,1,1),(15,'SGRN000006','SI00005','2023-07-20',5000.00,0,0.00,'2023-07-03',NULL,1,1,11),(16,'SGRN000007','5874569','2023-07-07',5500.00,0,0.00,'2023-07-07',NULL,1,1,12),(17,'SGRN000008','55689','2023-07-13',3000.00,2,2940.00,'2023-07-07',NULL,1,1,12),(18,'SGRN000009','55689','2023-07-13',3000.00,1,2970.00,'2023-07-07',NULL,1,1,12),(19,'SGRN000010','5874','2023-07-13',8000.00,2,7840.00,'2023-07-07',NULL,1,1,12),(20,'SGRN000011','166416946','2023-07-20',2500.00,2,2450.00,'2023-07-07',NULL,1,1,13),(21,'SGRN000012','5334','2023-07-14',2500.00,1,2475.00,'2023-07-07',NULL,1,1,13),(22,'SGRN000013','254899665','2023-07-15',2500.00,2,2450.00,'2023-07-07',NULL,1,1,13),(23,'SGRN000014','1145','2023-07-12',2500.00,5,2375.00,'2023-07-07',NULL,1,1,12),(24,'SGRN000015','124565','2023-07-12',500.00,1,495.00,'2023-07-08',NULL,1,1,14),(25,'SGRN000016','6565655','2023-07-11',4500.00,1,4455.00,'2023-07-09',NULL,1,1,15),(26,'SGRN000017','236654','2023-07-19',1000.00,1,990.00,'2023-07-19',NULL,1,5,16),(27,'SGRN000018','236654','2023-07-21',500.00,1,495.00,'2023-07-20',NULL,1,1,17),(28,'SGRN000019','1547896542','2023-08-10',3675.00,0,0.00,'2023-08-03',NULL,1,5,19),(29,'SGRN000020','236654','2023-08-11',1000.00,5,950.00,'2023-08-03',NULL,1,1,8),(30,'SGRN000021','1234567','2023-08-03',7500.00,1,7425.00,'2023-08-04',NULL,1,5,20),(31,'SGRN000022','123345','2023-08-08',10000.00,0,0.00,'2023-08-05',NULL,1,5,22);
/*!40000 ALTER TABLE `grn` ENABLE KEYS */;
UNLOCK TABLES;

--
-- Table structure for table `grn_has_material`
--

DROP TABLE IF EXISTS `grn_has_material`;
/*!40101 SET @saved_cs_client     = @@character_set_client */;
/*!50503 SET character_set_client = utf8mb4 */;
CREATE TABLE `grn_has_material` (
  `id` int NOT NULL AUTO_INCREMENT,
  `grn_id` int NOT NULL,
  `purchaseprice` decimal(10,0) NOT NULL,
  `material_id` int NOT NULL,
  `qty` decimal(10,0) DEFAULT NULL,
  `linetotal` decimal(10,0) NOT NULL,
  PRIMARY KEY (`id`),
  KEY `fk_grn_has_material_material1_idx` (`material_id`),
  KEY `fk_grn_has_material_grn1_idx` (`grn_id`),
  CONSTRAINT `fk_grn_has_material_grn1` FOREIGN KEY (`grn_id`) REFERENCES `grn` (`id`),
  CONSTRAINT `fk_grn_has_material_material1` FOREIGN KEY (`material_id`) REFERENCES `material` (`id`)
) ENGINE=InnoDB AUTO_INCREMENT=27 DEFAULT CHARSET=utf8mb3;
/*!40101 SET character_set_client = @saved_cs_client */;

--
-- Dumping data for table `grn_has_material`
--

LOCK TABLES `grn_has_material` WRITE;
/*!40000 ALTER TABLE `grn_has_material` DISABLE KEYS */;
INSERT INTO `grn_has_material` VALUES (1,1,1,1,100,10),(2,8,100,2,100,100),(3,9,100,2,100,100),(4,13,100,2,100,100),(5,14,100,1,2,200),(6,15,500,19,5,2500),(7,15,500,20,5,2500),(8,16,500,19,5,2500),(9,16,600,20,5,3000),(10,17,600,20,5,3000),(11,18,600,20,5,3000),(12,19,500,19,10,5000),(13,19,600,20,5,3000),(14,20,500,19,5,2500),(15,21,500,19,5,2500),(16,22,500,19,5,2500),(17,23,500,19,5,2500),(18,24,100,30,5,500),(19,25,500,7,5,2500),(20,25,400,2,5,2000),(21,26,100,32,10,1000),(22,27,100,32,5,500),(23,28,245,10,15,3675),(24,29,200,2,5,1000),(25,30,1500,9,5,7500),(26,31,100,1,100,10000);
/*!40000 ALTER TABLE `grn_has_material` ENABLE KEYS */;
UNLOCK TABLES;

--
-- Table structure for table `grnstatus`
--

DROP TABLE IF EXISTS `grnstatus`;
/*!40101 SET @saved_cs_client     = @@character_set_client */;
/*!50503 SET character_set_client = utf8mb4 */;
CREATE TABLE `grnstatus` (
  `id` int NOT NULL AUTO_INCREMENT,
  `name` varchar(45) NOT NULL,
  PRIMARY KEY (`id`)
) ENGINE=InnoDB AUTO_INCREMENT=4 DEFAULT CHARSET=utf8mb3;
/*!40101 SET character_set_client = @saved_cs_client */;

--
-- Dumping data for table `grnstatus`
--

LOCK TABLES `grnstatus` WRITE;
/*!40000 ALTER TABLE `grnstatus` DISABLE KEYS */;
INSERT INTO `grnstatus` VALUES (1,'Received'),(2,'Completed'),(3,'Deleted');
/*!40000 ALTER TABLE `grnstatus` ENABLE KEYS */;
UNLOCK TABLES;

--
-- Table structure for table `hibernate_sequence`
--

DROP TABLE IF EXISTS `hibernate_sequence`;
/*!40101 SET @saved_cs_client     = @@character_set_client */;
/*!50503 SET character_set_client = utf8mb4 */;
CREATE TABLE `hibernate_sequence` (
  `next_val` bigint DEFAULT NULL
) ENGINE=InnoDB DEFAULT CHARSET=utf8mb3;
/*!40101 SET character_set_client = @saved_cs_client */;

--
-- Dumping data for table `hibernate_sequence`
--

LOCK TABLES `hibernate_sequence` WRITE;
/*!40000 ALTER TABLE `hibernate_sequence` DISABLE KEYS */;
INSERT INTO `hibernate_sequence` VALUES (8),(8),(8),(8),(8),(8),(8),(8),(8),(8),(8),(8),(8),(8);
/*!40000 ALTER TABLE `hibernate_sequence` ENABLE KEYS */;
UNLOCK TABLES;

--
-- Table structure for table `inventorystatus`
--

DROP TABLE IF EXISTS `inventorystatus`;
/*!40101 SET @saved_cs_client     = @@character_set_client */;
/*!50503 SET character_set_client = utf8mb4 */;
CREATE TABLE `inventorystatus` (
  `id` int NOT NULL AUTO_INCREMENT,
  `name` varchar(45) NOT NULL,
  PRIMARY KEY (`id`)
) ENGINE=InnoDB AUTO_INCREMENT=4 DEFAULT CHARSET=utf8mb3;
/*!40101 SET character_set_client = @saved_cs_client */;

--
-- Dumping data for table `inventorystatus`
--

LOCK TABLES `inventorystatus` WRITE;
/*!40000 ALTER TABLE `inventorystatus` DISABLE KEYS */;
INSERT INTO `inventorystatus` VALUES (1,'Available'),(2,'Not-Available'),(3,'Low Inventory');
/*!40000 ALTER TABLE `inventorystatus` ENABLE KEYS */;
UNLOCK TABLES;

--
-- Table structure for table `loyalitytype`
--

DROP TABLE IF EXISTS `loyalitytype`;
/*!40101 SET @saved_cs_client     = @@character_set_client */;
/*!50503 SET character_set_client = utf8mb4 */;
CREATE TABLE `loyalitytype` (
  `id` int NOT NULL AUTO_INCREMENT,
  `name` varchar(45) DEFAULT NULL,
  PRIMARY KEY (`id`)
) ENGINE=InnoDB DEFAULT CHARSET=utf8mb3;
/*!40101 SET character_set_client = @saved_cs_client */;

--
-- Dumping data for table `loyalitytype`
--

LOCK TABLES `loyalitytype` WRITE;
/*!40000 ALTER TABLE `loyalitytype` DISABLE KEYS */;
/*!40000 ALTER TABLE `loyalitytype` ENABLE KEYS */;
UNLOCK TABLES;

--
-- Table structure for table `material`
--

DROP TABLE IF EXISTS `material`;
/*!40101 SET @saved_cs_client     = @@character_set_client */;
/*!50503 SET character_set_client = utf8mb4 */;
CREATE TABLE `material` (
  `id` int NOT NULL AUTO_INCREMENT,
  `materialcode` char(10) NOT NULL,
  `materialname` varchar(150) NOT NULL,
  `unitsize` int NOT NULL,
  `addeddate` date NOT NULL,
  `description` text,
  `materialstatus_id` int NOT NULL,
  `materialcategory_id` int NOT NULL,
  `unittype_id` int NOT NULL,
  `rop` decimal(8,3) NOT NULL,
  PRIMARY KEY (`id`),
  KEY `fk_material_materialstatus1_idx` (`materialstatus_id`),
  KEY `fk_material_materialcategory1_idx` (`materialcategory_id`),
  KEY `fk_material_unittype1_idx` (`unittype_id`),
  CONSTRAINT `fk_material_materialcategory1` FOREIGN KEY (`materialcategory_id`) REFERENCES `materialcategory` (`id`),
  CONSTRAINT `fk_material_materialstatus1` FOREIGN KEY (`materialstatus_id`) REFERENCES `materialstatus` (`id`),
  CONSTRAINT `fk_material_unittype1` FOREIGN KEY (`unittype_id`) REFERENCES `unittype` (`id`)
) ENGINE=InnoDB AUTO_INCREMENT=45 DEFAULT CHARSET=utf8mb3;
/*!40101 SET character_set_client = @saved_cs_client */;

--
-- Dumping data for table `material`
--

LOCK TABLES `material` WRITE;
/*!40000 ALTER TABLE `material` DISABLE KEYS */;
INSERT INTO `material` VALUES (1,'M0000001','Basamathi Rice 1KG',1,'2021-09-15',NULL,1,7,1,20.000),(2,'M0000002','Chili powder 1 KG',1,'2021-09-28',NULL,1,3,1,5.000),(3,'M0000003','Beans 1 KG',1,'2021-10-04',NULL,1,1,1,10.000),(4,'M0000004','Rathu Kekulu 1KG',1,'2021-10-04',NULL,3,7,1,50.000),(5,'M0000005','Salt 1KG',1,'2021-10-06','',3,3,1,4.000),(6,'M0000006','Samba 1Kg',1,'2021-12-30',NULL,1,7,1,50.000),(7,'M0000007','Mango 1Kg',1,'2022-05-07',NULL,1,2,1,10.000),(8,'M0000008','Tuna 1 Kg',1,'2022-05-10',NULL,1,4,1,10.000),(9,'M0000009','Chicken 1Kg',1,'2022-05-10',NULL,1,5,1,10.000),(10,'M0000010','Thosai flour 1Kg',1,'2022-05-10',NULL,1,6,1,10.000),(11,'M0000011','Coconut 1 Pieces',1,'2022-05-10',NULL,1,9,3,50.000),(12,'M0000012','Cabbage 1 Kg',1,'2022-05-10',NULL,1,1,1,30.000),(13,'M0000013','Carrot 1 Kg',1,'2022-05-10',NULL,1,1,1,5.000),(14,'M0000014','Leeks 1Kg',1,'2022-05-10',NULL,1,1,1,5.000),(15,'M0000015','Lattuce 1Kg',1,'2022-05-10',NULL,1,1,1,5.000),(16,'M0000016','Red Paper 1 Kg',1,'2022-05-10',NULL,1,1,1,30.000),(17,'M0000017','Sweet corn 1 Kg',1,'2022-05-10',NULL,1,1,1,3.000),(18,'M0000018','Mushroom 1Kg',1,'2022-05-10',NULL,1,1,1,10.000),(19,'M0000019','onion 1Kg',1,'2022-05-10',NULL,1,1,1,50.000),(20,'M0000020','Tomato 1Kg',1,'2022-05-10',NULL,1,1,1,10.000),(21,'M0000021','Potato 1Kg',1,'2022-05-10',NULL,1,1,1,10.000),(22,'M0000022','Green peper 1Kg',1,'2022-05-10',NULL,1,1,1,2.000),(23,'M0000023','Bell pepper 1Kg',1,'2022-05-10',NULL,1,1,1,2.000),(24,'M0000024','Garlic 1 Kg',1,'2022-05-10',NULL,1,10,1,1.000),(25,'M0000025','Cucumber 1Kg',1,'2022-05-10',NULL,2,1,1,10.000),(26,'M0000026','Ginger 1Kg',1,'2022-05-10',NULL,1,1,1,1.000),(27,'M0000027','White Egg 1 Pieces',1,'2022-05-10',NULL,1,9,3,50.000),(28,'M0000028','Red Egg 1 Piece',1,'2022-05-10',NULL,1,9,3,10.000),(29,'M0000029','Dhal 1Kg',1,'2022-05-11','',1,11,1,10.000),(30,'M0000030','coriender 1Kg',1,'2023-07-08',NULL,1,3,1,10.000),(31,'M0000031','Wheat Flour 1 Kg',1,'2023-07-13',NULL,1,6,1,10.000),(32,'M0000032','Turmeric Powder',1,'2023-07-19',NULL,1,3,1,3.000),(33,'M0000033','Soy sauce 1L',1,'2023-08-02',NULL,1,13,1,3.000),(34,'M0000034','Vegetable Oil 1 Liters',1,'2023-08-02',NULL,1,12,7,5.000),(35,'M0000035','Coconut Oil 1 Liters',1,'2023-08-02',NULL,1,12,7,10.000),(36,'M0000036','Salmon 1 Kg',1,'2023-08-02',NULL,1,4,1,5.000),(37,'M0000037','Butter 1 Kg',1,'2023-08-02',NULL,1,15,1,5.000),(38,'M0000038','Lemons 50 Kg 50 Pieces',50,'2023-08-02',NULL,1,2,3,0.030),(39,'M0000039','Milk 1 Liters',1,'2023-08-02',NULL,1,15,7,5.000),(40,'M0000040','tamarind 1 Kg',1,'2023-08-03',NULL,1,3,1,2.000),(41,'M0000041','Gammiris 1 Kg',1,'2023-08-03',NULL,1,3,1,5.000),(42,'M0000042','Brinjal 1 Kg',1,'2023-08-03',NULL,1,1,1,5.000),(43,'M0000043','Coconut Vinagar 1 Liters',1,'2023-08-03',NULL,1,17,7,3.000),(44,'M0000044','Papadam 1 Kg',1,'2023-08-03',NULL,1,10,1,5.000);
/*!40000 ALTER TABLE `material` ENABLE KEYS */;
UNLOCK TABLES;

--
-- Table structure for table `materialcategory`
--

DROP TABLE IF EXISTS `materialcategory`;
/*!40101 SET @saved_cs_client     = @@character_set_client */;
/*!50503 SET character_set_client = utf8mb4 */;
CREATE TABLE `materialcategory` (
  `id` int NOT NULL AUTO_INCREMENT,
  `name` varchar(45) DEFAULT NULL,
  PRIMARY KEY (`id`)
) ENGINE=InnoDB AUTO_INCREMENT=18 DEFAULT CHARSET=utf8mb3;
/*!40101 SET character_set_client = @saved_cs_client */;

--
-- Dumping data for table `materialcategory`
--

LOCK TABLES `materialcategory` WRITE;
/*!40000 ALTER TABLE `materialcategory` DISABLE KEYS */;
INSERT INTO `materialcategory` VALUES (1,'Vegetables'),(2,'Fruits'),(3,'Spices'),(4,'Fish'),(5,'Meats'),(6,'flour'),(7,'Rice'),(8,'Noodles'),(9,'Egg'),(10,'Other'),(11,'Darhl'),(12,'Oil'),(13,'Sauce'),(14,'Mayonnaise'),(15,'Diary'),(17,'Vinagar');
/*!40000 ALTER TABLE `materialcategory` ENABLE KEYS */;
UNLOCK TABLES;

--
-- Table structure for table `materialinventory`
--

DROP TABLE IF EXISTS `materialinventory`;
/*!40101 SET @saved_cs_client     = @@character_set_client */;
/*!50503 SET character_set_client = utf8mb4 */;
CREATE TABLE `materialinventory` (
  `id` int NOT NULL AUTO_INCREMENT,
  `avaqty` decimal(10,3) NOT NULL,
  `totalqty` decimal(10,3) NOT NULL,
  `inventorystatus_id` int NOT NULL,
  `material_id` int NOT NULL,
  `removeqty` decimal(10,3) DEFAULT NULL,
  PRIMARY KEY (`id`),
  KEY `fk_materialinventory_inventorystatus1_idx` (`inventorystatus_id`),
  KEY `fk_materialinventory_material1_idx` (`material_id`),
  CONSTRAINT `fk_materialinventory_inventorystatus1` FOREIGN KEY (`inventorystatus_id`) REFERENCES `inventorystatus` (`id`),
  CONSTRAINT `fk_materialinventory_material1` FOREIGN KEY (`material_id`) REFERENCES `material` (`id`)
) ENGINE=InnoDB AUTO_INCREMENT=66 DEFAULT CHARSET=utf8mb3;
/*!40101 SET character_set_client = @saved_cs_client */;

--
-- Dumping data for table `materialinventory`
--

LOCK TABLES `materialinventory` WRITE;
/*!40000 ALTER TABLE `materialinventory` DISABLE KEYS */;
INSERT INTO `materialinventory` VALUES (8,50.000,10.000,1,7,0.000),(9,7.390,10.000,1,2,0.000),(10,114.000,170.000,1,1,0.000),(38,20.000,10.000,1,3,0.000),(39,100.000,100.000,1,4,0.000),(40,8.160,3.000,1,5,0.000),(41,100.000,75.000,1,6,0.000),(42,16.700,7.000,1,21,0.000),(43,50.400,10.000,1,8,0.000),(44,30.000,15.000,1,9,0.000),(45,25.000,20.000,1,10,0.000),(46,100.000,50.000,1,11,0.000),(47,39.940,15.000,1,12,0.000),(48,14.700,25.000,1,13,0.000),(49,15.000,10.000,1,14,0.000),(50,60.000,10.000,1,15,0.000),(51,60.000,7.000,1,16,0.000),(52,40.000,9.000,1,17,0.000),(53,50.000,10.000,1,18,0.000),(54,68.910,42.000,1,19,0.000),(55,50.000,40.000,1,20,0.000),(56,60.000,5.000,1,22,0.000),(57,50.000,1.000,1,23,0.000),(58,80.000,3.000,1,24,0.000),(59,39.700,5.000,1,25,0.000),(60,50.000,2.000,1,26,0.000),(61,59.995,40.000,1,27,0.005),(62,49.980,40.000,1,28,0.020),(63,47.760,40.000,1,29,0.000),(64,70.000,3.000,1,30,0.000),(65,14.970,15.000,1,32,0.000);
/*!40000 ALTER TABLE `materialinventory` ENABLE KEYS */;
UNLOCK TABLES;

--
-- Table structure for table `materialstatus`
--

DROP TABLE IF EXISTS `materialstatus`;
/*!40101 SET @saved_cs_client     = @@character_set_client */;
/*!50503 SET character_set_client = utf8mb4 */;
CREATE TABLE `materialstatus` (
  `id` int NOT NULL AUTO_INCREMENT,
  `name` varchar(45) DEFAULT NULL,
  PRIMARY KEY (`id`)
) ENGINE=InnoDB AUTO_INCREMENT=4 DEFAULT CHARSET=utf8mb3;
/*!40101 SET character_set_client = @saved_cs_client */;

--
-- Dumping data for table `materialstatus`
--

LOCK TABLES `materialstatus` WRITE;
/*!40000 ALTER TABLE `materialstatus` DISABLE KEYS */;
INSERT INTO `materialstatus` VALUES (1,'Available'),(2,'Not- Available'),(3,'Deleted');
/*!40000 ALTER TABLE `materialstatus` ENABLE KEYS */;
UNLOCK TABLES;

--
-- Table structure for table `menu`
--

DROP TABLE IF EXISTS `menu`;
/*!40101 SET @saved_cs_client     = @@character_set_client */;
/*!50503 SET character_set_client = utf8mb4 */;
CREATE TABLE `menu` (
  `id` int NOT NULL AUTO_INCREMENT,
  `menucode` char(10) NOT NULL,
  `menuname` varchar(150) NOT NULL,
  `price` decimal(10,2) NOT NULL,
  `addeddate` date NOT NULL,
  `description` text,
  `menustatus_id` int NOT NULL,
  `employee_id` int NOT NULL,
  `menucategory_id` int NOT NULL,
  PRIMARY KEY (`id`),
  KEY `fk_menu_menustatus1_idx` (`menustatus_id`),
  KEY `fk_menu_menu_category1_idx` (`menucategory_id`),
  CONSTRAINT `fk_menu_menu_category1` FOREIGN KEY (`menucategory_id`) REFERENCES `menucategory` (`id`),
  CONSTRAINT `fk_menu_menustatus1` FOREIGN KEY (`menustatus_id`) REFERENCES `menustatus` (`id`)
) ENGINE=InnoDB AUTO_INCREMENT=39 DEFAULT CHARSET=utf8mb3;
/*!40101 SET character_set_client = @saved_cs_client */;

--
-- Dumping data for table `menu`
--

LOCK TABLES `menu` WRITE;
/*!40000 ALTER TABLE `menu` DISABLE KEYS */;
INSERT INTO `menu` VALUES (1,'MC000001','Menu01',950.00,'2022-02-02',NULL,1,1,2),(4,'MC000002','Menu02',950.00,'2022-02-10',NULL,1,1,3),(5,'MC000003','Menu03',850.00,'2022-02-10',NULL,1,1,2),(6,'MC000004','Menu04',850.00,'2022-02-10',NULL,3,1,3),(8,'MC000005','Menu05',700.00,'2022-02-10',NULL,1,1,2),(9,'MC000006','Menu06',700.00,'2022-02-10',NULL,2,1,3),(10,'MC000007','Menu07',600.00,'2022-02-10',NULL,1,1,2),(11,'MC000008','Menu08',850.00,'2022-02-10',NULL,1,1,3),(12,'MC000009','Menu09',900.00,'2022-02-10',NULL,1,1,2),(13,'MC000010','Menu10',520.00,'2022-02-10',NULL,1,1,3),(27,'MC000011','Menu11',500.00,'2022-05-26',NULL,1,1,1),(28,'MC000012','Menu12',510.00,'2022-05-26',NULL,1,2,1),(29,'MC000013','Menu13',500.00,'2022-05-26',NULL,1,1,1),(33,'MC000014','Menu19',700.00,'2022-05-26',NULL,1,1,1),(34,'MC000015','Menu20',894.00,'2023-06-01',NULL,1,1,1),(35,'MC000016','Menu23',1000.00,'2023-06-18',NULL,1,1,2),(36,'MC000017','Menu22',500.00,'2023-07-10',NULL,1,1,1),(37,'MC000018','Menu24',500.00,'2023-07-10',NULL,1,1,2);
/*!40000 ALTER TABLE `menu` ENABLE KEYS */;
UNLOCK TABLES;

--
-- Table structure for table `menu_has_submenu`
--

DROP TABLE IF EXISTS `menu_has_submenu`;
/*!40101 SET @saved_cs_client     = @@character_set_client */;
/*!50503 SET character_set_client = utf8mb4 */;
CREATE TABLE `menu_has_submenu` (
  `id` int NOT NULL AUTO_INCREMENT,
  `menu_id` int NOT NULL,
  `submenu_id` int NOT NULL,
  `submenucategory_id` int NOT NULL,
  PRIMARY KEY (`id`),
  KEY `fk_menu_has_submenu_submenu1_idx` (`submenu_id`),
  KEY `fk_menu_has_submenu_menu1_idx` (`menu_id`),
  KEY `fk_menu_has_submenu_submenucategory1_idx` (`submenucategory_id`),
  CONSTRAINT `fk_menu_has_submenu_menu1` FOREIGN KEY (`menu_id`) REFERENCES `menu` (`id`),
  CONSTRAINT `fk_menu_has_submenu_submenu1` FOREIGN KEY (`submenu_id`) REFERENCES `submenu` (`id`),
  CONSTRAINT `fk_menu_has_submenu_submenucategory1` FOREIGN KEY (`submenucategory_id`) REFERENCES `submenucategory` (`id`)
) ENGINE=InnoDB AUTO_INCREMENT=59 DEFAULT CHARSET=utf8mb3;
/*!40101 SET character_set_client = @saved_cs_client */;

--
-- Dumping data for table `menu_has_submenu`
--

LOCK TABLES `menu_has_submenu` WRITE;
/*!40000 ALTER TABLE `menu_has_submenu` DISABLE KEYS */;
INSERT INTO `menu_has_submenu` VALUES (1,1,10,16),(2,1,98,10),(3,1,99,10),(30,1,78,10),(31,1,42,10),(39,4,49,14),(40,4,100,18),(41,4,80,10),(42,4,101,19),(43,5,102,17),(44,5,80,10),(45,5,99,10),(46,5,78,10),(47,5,10,16),(48,5,103,17),(49,5,82,10),(50,8,10,16),(51,8,83,10),(52,8,99,10),(53,8,78,10),(54,8,101,19),(55,10,10,16),(56,10,104,17),(57,10,79,10),(58,10,101,19);
/*!40000 ALTER TABLE `menu_has_submenu` ENABLE KEYS */;
UNLOCK TABLES;

--
-- Table structure for table `menucategory`
--

DROP TABLE IF EXISTS `menucategory`;
/*!40101 SET @saved_cs_client     = @@character_set_client */;
/*!50503 SET character_set_client = utf8mb4 */;
CREATE TABLE `menucategory` (
  `id` int NOT NULL AUTO_INCREMENT,
  `name` varchar(45) DEFAULT NULL,
  PRIMARY KEY (`id`)
) ENGINE=InnoDB AUTO_INCREMENT=5 DEFAULT CHARSET=utf8mb3;
/*!40101 SET character_set_client = @saved_cs_client */;

--
-- Dumping data for table `menucategory`
--

LOCK TABLES `menucategory` WRITE;
/*!40000 ALTER TABLE `menucategory` DISABLE KEYS */;
INSERT INTO `menucategory` VALUES (1,'Breakfast'),(2,'Lunch'),(3,'Dinner');
/*!40000 ALTER TABLE `menucategory` ENABLE KEYS */;
UNLOCK TABLES;

--
-- Table structure for table `menustatus`
--

DROP TABLE IF EXISTS `menustatus`;
/*!40101 SET @saved_cs_client     = @@character_set_client */;
/*!50503 SET character_set_client = utf8mb4 */;
CREATE TABLE `menustatus` (
  `id` int NOT NULL AUTO_INCREMENT,
  `name` varchar(45) DEFAULT NULL,
  PRIMARY KEY (`id`)
) ENGINE=InnoDB AUTO_INCREMENT=4 DEFAULT CHARSET=utf8mb3;
/*!40101 SET character_set_client = @saved_cs_client */;

--
-- Dumping data for table `menustatus`
--

LOCK TABLES `menustatus` WRITE;
/*!40000 ALTER TABLE `menustatus` DISABLE KEYS */;
INSERT INTO `menustatus` VALUES (1,'Available'),(2,'Not Available'),(3,'Deleted');
/*!40000 ALTER TABLE `menustatus` ENABLE KEYS */;
UNLOCK TABLES;

--
-- Table structure for table `module`
--

DROP TABLE IF EXISTS `module`;
/*!40101 SET @saved_cs_client     = @@character_set_client */;
/*!50503 SET character_set_client = utf8mb4 */;
CREATE TABLE `module` (
  `id` int NOT NULL AUTO_INCREMENT,
  `name` varchar(45) DEFAULT NULL,
  PRIMARY KEY (`id`)
) ENGINE=InnoDB AUTO_INCREMENT=23 DEFAULT CHARSET=utf8mb3;
/*!40101 SET character_set_client = @saved_cs_client */;

--
-- Dumping data for table `module`
--

LOCK TABLES `module` WRITE;
/*!40000 ALTER TABLE `module` DISABLE KEYS */;
INSERT INTO `module` VALUES (1,'EMPLOYEE'),(2,'USER'),(3,'PRIVILAGE'),(4,'CUSTOMER'),(5,'MATERIAL'),(6,'SUPPLIER'),(7,'QUOTATIONREQUEST'),(8,'DAILYREMOVE'),(9,'MATERIALINVENTORY'),(10,'QUOTATION'),(11,'PORDER'),(12,'GRN'),(13,'SPAYMENT'),(14,'SUBMENU'),(15,'RESERVATION'),(16,'CUSTOMERPAYMENTS'),(17,'TABLEALLOWCATION'),(18,'MENU'),(19,'MATERIALCATEGORY'),(20,'UNITTYPE'),(21,'SUBMENUCATEGORY'),(22,'CHANGEPASSWORD');
/*!40000 ALTER TABLE `module` ENABLE KEYS */;
UNLOCK TABLES;

--
-- Table structure for table `paymentmethod`
--

DROP TABLE IF EXISTS `paymentmethod`;
/*!40101 SET @saved_cs_client     = @@character_set_client */;
/*!50503 SET character_set_client = utf8mb4 */;
CREATE TABLE `paymentmethod` (
  `id` int NOT NULL AUTO_INCREMENT,
  `name` varchar(45) NOT NULL,
  PRIMARY KEY (`id`)
) ENGINE=InnoDB AUTO_INCREMENT=5 DEFAULT CHARSET=utf8mb3;
/*!40101 SET character_set_client = @saved_cs_client */;

--
-- Dumping data for table `paymentmethod`
--

LOCK TABLES `paymentmethod` WRITE;
/*!40000 ALTER TABLE `paymentmethod` DISABLE KEYS */;
INSERT INTO `paymentmethod` VALUES (1,'Cheque'),(2,'Cash'),(3,'Bank Deposit'),(4,'Money Transfer');
/*!40000 ALTER TABLE `paymentmethod` ENABLE KEYS */;
UNLOCK TABLES;

--
-- Table structure for table `paymentstatus`
--

DROP TABLE IF EXISTS `paymentstatus`;
/*!40101 SET @saved_cs_client     = @@character_set_client */;
/*!50503 SET character_set_client = utf8mb4 */;
CREATE TABLE `paymentstatus` (
  `id` int NOT NULL AUTO_INCREMENT,
  `name` varchar(45) NOT NULL,
  PRIMARY KEY (`id`)
) ENGINE=InnoDB AUTO_INCREMENT=4 DEFAULT CHARSET=utf8mb3;
/*!40101 SET character_set_client = @saved_cs_client */;

--
-- Dumping data for table `paymentstatus`
--

LOCK TABLES `paymentstatus` WRITE;
/*!40000 ALTER TABLE `paymentstatus` DISABLE KEYS */;
INSERT INTO `paymentstatus` VALUES (1,'Completed'),(2,'Not Completed'),(3,'Deleted');
/*!40000 ALTER TABLE `paymentstatus` ENABLE KEYS */;
UNLOCK TABLES;

--
-- Table structure for table `porder`
--

DROP TABLE IF EXISTS `porder`;
/*!40101 SET @saved_cs_client     = @@character_set_client */;
/*!50503 SET character_set_client = utf8mb4 */;
CREATE TABLE `porder` (
  `id` int NOT NULL AUTO_INCREMENT,
  `pordercode` char(10) NOT NULL,
  `supplier_id` int NOT NULL,
  `quotation_id` int NOT NULL,
  `requireddate` date NOT NULL,
  `totalamount` decimal(10,0) NOT NULL,
  `addeddate` date NOT NULL,
  `porderstatus_id` int NOT NULL,
  `description` text,
  `employee_id` int NOT NULL,
  PRIMARY KEY (`id`),
  KEY `fk_porder_supplier1_idx` (`supplier_id`),
  KEY `fk_porder_employee1_idx` (`employee_id`),
  KEY `fk_porder_porderstatus1_idx` (`porderstatus_id`),
  KEY `fk_porder_quotation1_idx` (`quotation_id`),
  CONSTRAINT `fk_porder_employee1` FOREIGN KEY (`employee_id`) REFERENCES `employee` (`id`),
  CONSTRAINT `fk_porder_porderstatus1` FOREIGN KEY (`porderstatus_id`) REFERENCES `porderstatus` (`id`),
  CONSTRAINT `fk_porder_quotation1` FOREIGN KEY (`quotation_id`) REFERENCES `quotation` (`id`),
  CONSTRAINT `fk_porder_supplier1` FOREIGN KEY (`supplier_id`) REFERENCES `supplier` (`id`)
) ENGINE=InnoDB AUTO_INCREMENT=23 DEFAULT CHARSET=utf8mb3;
/*!40101 SET character_set_client = @saved_cs_client */;

--
-- Dumping data for table `porder`
--

LOCK TABLES `porder` WRITE;
/*!40000 ALTER TABLE `porder` DISABLE KEYS */;
INSERT INTO `porder` VALUES (1,'P000000005',1,1,'2021-12-12',100,'2021-12-01',5,NULL,1),(7,'P000000001',2,1,'2021-12-11',100,'2021-12-16',3,NULL,1),(8,'P000000002',3,3,'2021-12-10',100,'2021-12-16',5,NULL,1),(9,'P000000003',4,3,'2021-11-30',100,'2021-12-16',1,NULL,1),(10,'P000000004',5,10,'2022-05-25',8000,'2022-05-24',1,NULL,1),(11,'P000000006',7,13,'2023-07-12',5000,'2023-07-03',5,NULL,1),(12,'P000000007',7,13,'2023-07-07',5500,'2023-07-06',5,NULL,1),(13,'P000000008',7,13,'2023-07-13',2500,'2023-07-07',5,NULL,1),(14,'P000000009',16,18,'2023-07-13',500,'2023-07-08',5,NULL,1),(15,'P000000010',19,19,'2023-07-16',2800,'2023-07-09',5,NULL,1),(16,'P000000011',20,20,'2023-07-20',1000,'2023-07-19',5,NULL,5),(17,'P000000012',20,20,'2023-07-21',500,'2023-07-20',5,NULL,1),(18,'P000000013',11,21,'2023-07-30',4800,'2023-07-29',1,NULL,1),(19,'P000000014',12,24,'2023-08-04',3675,'2023-08-03',5,NULL,5),(20,'P000000015',3,23,'2023-08-04',7500,'2023-08-04',5,NULL,5),(21,'P000000016',7,13,'2023-08-08',2500,'2023-08-05',1,NULL,5),(22,'P000000017',1,27,'2023-08-09',1000,'2023-08-05',5,NULL,5);
/*!40000 ALTER TABLE `porder` ENABLE KEYS */;
UNLOCK TABLES;

--
-- Table structure for table `porder_has_material`
--

DROP TABLE IF EXISTS `porder_has_material`;
/*!40101 SET @saved_cs_client     = @@character_set_client */;
/*!50503 SET character_set_client = utf8mb4 */;
CREATE TABLE `porder_has_material` (
  `id` int NOT NULL AUTO_INCREMENT,
  `porder_id` int NOT NULL,
  `material_id` int NOT NULL,
  `purchaseprice` decimal(10,0) NOT NULL,
  `qty` decimal(10,0) NOT NULL,
  `linetotal` decimal(10,0) NOT NULL,
  PRIMARY KEY (`id`),
  KEY `fk_porder_has_material_material1_idx` (`material_id`),
  KEY `fk_porder_has_material_porder1_idx` (`porder_id`),
  CONSTRAINT `fk_porder_has_material_material1` FOREIGN KEY (`material_id`) REFERENCES `material` (`id`),
  CONSTRAINT `fk_porder_has_material_porder1` FOREIGN KEY (`porder_id`) REFERENCES `porder` (`id`)
) ENGINE=InnoDB AUTO_INCREMENT=23 DEFAULT CHARSET=utf8mb3;
/*!40101 SET character_set_client = @saved_cs_client */;

--
-- Dumping data for table `porder_has_material`
--

LOCK TABLES `porder_has_material` WRITE;
/*!40000 ALTER TABLE `porder_has_material` DISABLE KEYS */;
INSERT INTO `porder_has_material` VALUES (1,1,1,100,100,100),(2,7,2,100,100,100),(3,8,2,200,100,300),(4,9,2,100,100,100),(5,10,9,1000,2,2000),(6,10,11,1000,5,5000),(7,10,18,1000,1,1000),(8,11,19,500,5,2500),(9,11,20,500,5,2500),(10,12,19,500,5,2500),(11,12,20,600,5,3000),(12,13,19,500,5,2500),(13,14,30,100,5,500),(14,15,7,500,4,2000),(15,15,2,400,2,800),(16,16,32,100,10,1000),(17,17,32,100,5,500),(18,18,18,600,8,4800),(19,19,10,245,15,3675),(20,20,9,1500,5,7500),(21,21,20,500,5,2500),(22,22,1,100,10,1000);
/*!40000 ALTER TABLE `porder_has_material` ENABLE KEYS */;
UNLOCK TABLES;

--
-- Table structure for table `porderstatus`
--

DROP TABLE IF EXISTS `porderstatus`;
/*!40101 SET @saved_cs_client     = @@character_set_client */;
/*!50503 SET character_set_client = utf8mb4 */;
CREATE TABLE `porderstatus` (
  `id` int NOT NULL,
  `name` varchar(45) NOT NULL,
  PRIMARY KEY (`id`)
) ENGINE=InnoDB DEFAULT CHARSET=utf8mb3;
/*!40101 SET character_set_client = @saved_cs_client */;

--
-- Dumping data for table `porderstatus`
--

LOCK TABLES `porderstatus` WRITE;
/*!40000 ALTER TABLE `porderstatus` DISABLE KEYS */;
INSERT INTO `porderstatus` VALUES (1,'Ordered'),(2,'Completed'),(3,'Deleted'),(4,'Cancelled'),(5,'Received');
/*!40000 ALTER TABLE `porderstatus` ENABLE KEYS */;
UNLOCK TABLES;

--
-- Table structure for table `privilage`
--

DROP TABLE IF EXISTS `privilage`;
/*!40101 SET @saved_cs_client     = @@character_set_client */;
/*!50503 SET character_set_client = utf8mb4 */;
CREATE TABLE `privilage` (
  `id` int NOT NULL AUTO_INCREMENT,
  `roles_role_id` int NOT NULL,
  `module_id` int NOT NULL,
  `sel` int DEFAULT NULL,
  `ins` int DEFAULT NULL,
  `upd` int DEFAULT NULL,
  `del` int DEFAULT NULL,
  PRIMARY KEY (`id`),
  KEY `fk_privilage_module1_idx` (`module_id`),
  KEY `fk_privilage_roles1_idx` (`roles_role_id`),
  CONSTRAINT `fk_privilage_module1` FOREIGN KEY (`module_id`) REFERENCES `module` (`id`),
  CONSTRAINT `fk_privilage_roles1` FOREIGN KEY (`roles_role_id`) REFERENCES `roles` (`role_id`)
) ENGINE=InnoDB AUTO_INCREMENT=134 DEFAULT CHARSET=utf8mb3;
/*!40101 SET character_set_client = @saved_cs_client */;

--
-- Dumping data for table `privilage`
--

LOCK TABLES `privilage` WRITE;
/*!40000 ALTER TABLE `privilage` DISABLE KEYS */;
INSERT INTO `privilage` VALUES (1,2,1,1,1,1,1),(86,2,2,1,1,1,1),(87,2,3,1,1,1,1),(88,2,4,1,1,1,1),(89,2,5,1,1,1,1),(90,2,6,1,1,1,1),(91,5,1,1,1,1,1),(92,5,2,1,1,1,1),(93,5,3,1,1,1,1),(94,5,4,1,1,1,1),(95,5,5,1,1,1,1),(96,5,6,1,1,1,1),(97,5,7,1,1,1,1),(98,5,8,1,1,1,1),(99,5,9,1,1,1,1),(100,5,10,1,1,1,1),(101,5,11,1,1,1,1),(102,5,12,1,1,1,1),(103,5,13,1,1,1,1),(104,5,18,1,1,1,1),(105,5,14,1,1,1,1),(106,5,15,1,1,1,1),(107,5,16,1,1,1,1),(108,2,7,1,1,1,1),(109,2,8,1,1,1,1),(110,2,10,1,1,1,1),(111,2,9,1,1,1,1),(112,2,11,1,1,1,1),(113,2,12,1,1,1,1),(114,2,13,1,1,1,1),(115,2,14,1,1,1,1),(116,2,15,1,1,1,1),(117,2,16,1,1,1,1),(118,2,17,1,1,1,1),(119,2,18,1,1,1,1),(120,3,2,0,0,0,0),(121,3,3,0,0,0,0),(122,3,4,1,1,1,1),(123,3,16,1,1,1,1),(124,3,15,1,1,1,1),(125,3,9,1,0,0,0),(126,3,17,1,1,1,1),(127,5,17,1,1,1,1),(128,2,19,1,1,1,1),(129,2,20,1,1,1,1),(130,5,19,1,1,1,1),(131,5,20,1,1,1,1),(132,2,21,1,1,1,1),(133,2,22,1,1,1,1);
/*!40000 ALTER TABLE `privilage` ENABLE KEYS */;
UNLOCK TABLES;

--
-- Table structure for table `qrstatus`
--

DROP TABLE IF EXISTS `qrstatus`;
/*!40101 SET @saved_cs_client     = @@character_set_client */;
/*!50503 SET character_set_client = utf8mb4 */;
CREATE TABLE `qrstatus` (
  `id` int NOT NULL AUTO_INCREMENT,
  `name` varchar(45) DEFAULT NULL,
  PRIMARY KEY (`id`)
) ENGINE=InnoDB AUTO_INCREMENT=5 DEFAULT CHARSET=utf8mb3;
/*!40101 SET character_set_client = @saved_cs_client */;

--
-- Dumping data for table `qrstatus`
--

LOCK TABLES `qrstatus` WRITE;
/*!40000 ALTER TABLE `qrstatus` DISABLE KEYS */;
INSERT INTO `qrstatus` VALUES (1,'Requested'),(2,'Received'),(3,'Deleted'),(4,'Cancelled');
/*!40000 ALTER TABLE `qrstatus` ENABLE KEYS */;
UNLOCK TABLES;

--
-- Table structure for table `quotation`
--

DROP TABLE IF EXISTS `quotation`;
/*!40101 SET @saved_cs_client     = @@character_set_client */;
/*!50503 SET character_set_client = utf8mb4 */;
CREATE TABLE `quotation` (
  `id` int NOT NULL AUTO_INCREMENT,
  `quotationcode` char(10) NOT NULL,
  `receiveddate` date NOT NULL,
  `validfrom` date DEFAULT NULL,
  `validto` date NOT NULL,
  `description` text,
  `addeddate` date NOT NULL,
  `quotationstatus_id` int NOT NULL,
  `employee_id` int NOT NULL,
  `quotationrequest_id` int NOT NULL,
  PRIMARY KEY (`id`),
  KEY `fk_quotation_quotationstatus1_idx` (`quotationstatus_id`),
  KEY `fk_quotation_employee1_idx` (`employee_id`),
  KEY `fk_quotation_quotationrequest1_idx` (`quotationrequest_id`),
  CONSTRAINT `fk_quotation_employee1` FOREIGN KEY (`employee_id`) REFERENCES `employee` (`id`),
  CONSTRAINT `fk_quotation_quotationrequest1` FOREIGN KEY (`quotationrequest_id`) REFERENCES `quotationrequest` (`id`),
  CONSTRAINT `fk_quotation_quotationstatus1` FOREIGN KEY (`quotationstatus_id`) REFERENCES `quotationstatus` (`id`)
) ENGINE=InnoDB AUTO_INCREMENT=28 DEFAULT CHARSET=utf8mb3;
/*!40101 SET character_set_client = @saved_cs_client */;

--
-- Dumping data for table `quotation`
--

LOCK TABLES `quotation` WRITE;
/*!40000 ALTER TABLE `quotation` DISABLE KEYS */;
INSERT INTO `quotation` VALUES (1,'Q000000001','2021-02-10','2021-03-12','2021-09-14',NULL,'2021-06-02',1,1,1),(3,'Q000000002','2021-12-22','2021-12-09','2021-12-15',NULL,'2021-12-12',1,1,1),(4,'Q000000003','2022-05-20','2022-05-10','2022-05-30',NULL,'2021-06-19',3,1,2),(5,'Q000000004','2022-05-20','2022-05-10','2022-05-30',NULL,'2021-06-19',1,1,3),(6,'Q000000005','2022-05-20','2022-05-10','2022-05-30',NULL,'2021-06-19',1,1,2),(7,'Q000000006','2022-05-20','2022-05-10','2022-05-30',NULL,'2021-06-19',1,1,1),(8,'Q000000007','2022-05-20','2022-05-10','2022-05-30',NULL,'2021-06-19',1,1,2),(9,'Q000000008','2022-05-20','2022-05-10','2022-05-30',NULL,'2021-06-19',1,1,1),(10,'Q000000009','2022-05-20','2022-05-10','2022-05-30',NULL,'2021-06-19',1,1,1),(11,'Q000000010','2022-05-20','2022-05-10','2022-05-30',NULL,'2021-06-19',1,1,1),(12,'Q000000011','2022-05-20','2022-05-10','2022-05-30',NULL,'2021-06-19',1,1,2),(13,'Q000000012','2023-07-02','2023-07-04','2023-07-11',NULL,'2023-07-03',2,1,35),(17,'Q000000013','2023-07-07','2023-07-14','2023-07-22',NULL,'2023-07-07',1,1,10),(18,'Q000000014','2023-07-08','2023-07-08','2023-07-13',NULL,'2023-07-08',1,1,37),(19,'Q000000015','2023-07-09','2023-07-10','2023-07-10',NULL,'2023-07-09',1,1,39),(20,'Q000000016','2023-07-19','2023-07-20','2023-07-27',NULL,'2023-07-19',1,5,42),(21,'Q000000017','2023-07-29','2023-07-29','2023-07-30',NULL,'2023-07-29',1,1,43),(22,'Q000000018','2023-08-04','2023-08-02','2023-08-07',NULL,'2023-08-02',1,5,45),(23,'Q000000019','2023-08-04','2023-08-04','2023-08-09',NULL,'2023-08-03',2,5,46),(24,'Q000000020','2023-08-04','2023-08-04','2023-08-08',NULL,'2023-08-03',1,5,48),(25,'Q000000021','2021-11-19','2023-08-04','2023-08-05',NULL,'2023-08-04',1,5,1),(26,'Q000000022','2023-08-08',NULL,'2023-08-16',NULL,'2023-08-05',1,5,50),(27,'Q000000023','2023-08-07',NULL,'2023-08-09',NULL,'2023-08-05',2,5,51);
/*!40000 ALTER TABLE `quotation` ENABLE KEYS */;
UNLOCK TABLES;

--
-- Table structure for table `quotation_has_material`
--

DROP TABLE IF EXISTS `quotation_has_material`;
/*!40101 SET @saved_cs_client     = @@character_set_client */;
/*!50503 SET character_set_client = utf8mb4 */;
CREATE TABLE `quotation_has_material` (
  `id` int NOT NULL AUTO_INCREMENT,
  `quotation_id` int NOT NULL,
  `material_id` int NOT NULL,
  `purchaseprice` decimal(10,0) NOT NULL,
  PRIMARY KEY (`id`),
  KEY `fk_quotation_has_material_quotation1_idx` (`quotation_id`),
  KEY `fk_quotation_has_material_material1_idx` (`material_id`),
  CONSTRAINT `fk_quotation_has_material_material1` FOREIGN KEY (`material_id`) REFERENCES `material` (`id`),
  CONSTRAINT `fk_quotation_has_material_quotation1` FOREIGN KEY (`quotation_id`) REFERENCES `quotation` (`id`)
) ENGINE=InnoDB AUTO_INCREMENT=68 DEFAULT CHARSET=utf8mb3;
/*!40101 SET character_set_client = @saved_cs_client */;

--
-- Dumping data for table `quotation_has_material`
--

LOCK TABLES `quotation_has_material` WRITE;
/*!40000 ALTER TABLE `quotation_has_material` DISABLE KEYS */;
INSERT INTO `quotation_has_material` VALUES (1,1,1,1000),(2,4,3,100),(3,3,2,1000),(29,1,4,1000),(30,3,5,1000),(31,1,6,1000),(32,5,7,1000),(33,6,8,1000),(34,7,9,1000),(35,8,10,1000),(36,9,11,1000),(37,4,12,1000),(38,4,13,1000),(39,4,14,1000),(40,4,15,1000),(41,4,16,1000),(42,4,17,1000),(43,10,18,1000),(44,11,19,1000),(45,4,20,1000),(46,11,21,1000),(47,4,22,1000),(48,4,23,1000),(49,4,24,1000),(50,4,25,1000),(51,4,26,1000),(52,12,27,1000),(53,12,28,1000),(54,13,19,500),(55,13,20,500),(56,17,21,100),(57,18,30,100),(58,19,7,500),(59,19,2,400),(60,20,32,100),(61,21,18,600),(62,22,6,200),(63,23,9,1500),(64,24,10,245),(65,25,1,350),(66,26,19,100),(67,27,1,100);
/*!40000 ALTER TABLE `quotation_has_material` ENABLE KEYS */;
UNLOCK TABLES;

--
-- Table structure for table `quotationrequest`
--

DROP TABLE IF EXISTS `quotationrequest`;
/*!40101 SET @saved_cs_client     = @@character_set_client */;
/*!50503 SET character_set_client = utf8mb4 */;
CREATE TABLE `quotationrequest` (
  `id` int NOT NULL AUTO_INCREMENT,
  `qrcode` char(10) NOT NULL,
  `requireddate` date NOT NULL,
  `addeddate` date NOT NULL,
  `description` text,
  `qrstatus_id` int NOT NULL,
  `employee_id` int NOT NULL,
  `supplier_id` int NOT NULL,
  PRIMARY KEY (`id`),
  KEY `fk_quotationrequest_qrstatus1_idx` (`qrstatus_id`),
  KEY `fk_quotationrequest_employee1_idx` (`employee_id`),
  KEY `fk_quotationrequest_supplier1_idx` (`supplier_id`),
  CONSTRAINT `fk_quotationrequest_employee1` FOREIGN KEY (`employee_id`) REFERENCES `employee` (`id`),
  CONSTRAINT `fk_quotationrequest_qrstatus1` FOREIGN KEY (`qrstatus_id`) REFERENCES `qrstatus` (`id`),
  CONSTRAINT `fk_quotationrequest_supplier1` FOREIGN KEY (`supplier_id`) REFERENCES `supplier` (`id`)
) ENGINE=InnoDB AUTO_INCREMENT=52 DEFAULT CHARSET=utf8mb3;
/*!40101 SET character_set_client = @saved_cs_client */;

--
-- Dumping data for table `quotationrequest`
--

LOCK TABLES `quotationrequest` WRITE;
/*!40000 ALTER TABLE `quotationrequest` DISABLE KEYS */;
INSERT INTO `quotationrequest` VALUES (1,'QR00000001','2021-11-20','2021-10-10',NULL,2,1,1),(2,'QR00000002','2021-10-13','2021-11-17',NULL,3,1,1),(3,'QR00000003','2021-10-12','2021-11-23',NULL,1,1,2),(4,'QR00000004','2021-11-12','2021-11-23',NULL,1,1,2),(5,'QR00000005','2021-12-30','2021-12-11',NULL,1,1,3),(8,'QR00000006','2022-05-30','2022-05-10',NULL,1,1,3),(10,'QR00000007','2022-06-05','2022-05-12',NULL,2,1,7),(27,'QR00000008','2022-06-05','2022-05-12',NULL,1,1,3),(28,'QR00000009','2022-06-05','2022-05-12',NULL,2,1,5),(29,'QR00000010','2022-06-05','2022-05-12',NULL,1,1,6),(30,'QR00000011','2022-06-05','2022-05-15',NULL,1,1,8),(31,'QR00000012','2022-06-05','2022-05-20',NULL,1,1,9),(32,'QR00000013','2022-06-05','2022-05-18',NULL,1,1,10),(33,'QR00000014','2023-08-05','2023-08-02',NULL,1,1,11),(34,'QR00000015','2022-06-05','2022-05-16',NULL,2,1,12),(35,'QR00000016','2023-07-18','2023-07-03',NULL,3,1,7),(36,'QR00000017','2023-07-27','2023-07-06',NULL,1,1,15),(37,'QR00000018','2023-07-15','2023-07-08',NULL,3,1,16),(38,'QR00000019','2023-07-18','2023-07-09',NULL,1,1,18),(39,'QR00000020','2023-07-11','2023-07-09',NULL,2,1,19),(40,'QR00000021','2023-07-20','2023-07-15',NULL,1,5,2),(41,'QR00000022','2023-07-21','2023-07-19',NULL,1,5,8),(42,'QR00000023','2023-07-20','2023-07-19',NULL,2,5,20),(43,'QR00000024','2023-07-29','2023-07-29',NULL,2,1,11),(44,'QR00000025','2023-08-05','2023-08-02',NULL,1,5,11),(45,'QR00000026','2023-08-05','2023-08-02',NULL,2,5,1),(46,'QR00000027','2023-08-07','2023-08-03',NULL,2,5,3),(47,'QR00000028','2023-08-07','2023-08-03',NULL,1,5,21),(48,'QR00000029','2023-08-05','2023-08-03',NULL,2,5,12),(49,'QR00000030','2023-08-07','2023-08-04',NULL,1,5,5),(50,'QR00000031','2023-08-08','2023-08-05',NULL,2,5,7),(51,'QR00000032','2023-08-08','2023-08-05',NULL,2,5,1);
/*!40000 ALTER TABLE `quotationrequest` ENABLE KEYS */;
UNLOCK TABLES;

--
-- Table structure for table `quotationstatus`
--

DROP TABLE IF EXISTS `quotationstatus`;
/*!40101 SET @saved_cs_client     = @@character_set_client */;
/*!50503 SET character_set_client = utf8mb4 */;
CREATE TABLE `quotationstatus` (
  `id` int NOT NULL AUTO_INCREMENT,
  `name` varchar(45) NOT NULL,
  PRIMARY KEY (`id`)
) ENGINE=InnoDB AUTO_INCREMENT=5 DEFAULT CHARSET=utf8mb3;
/*!40101 SET character_set_client = @saved_cs_client */;

--
-- Dumping data for table `quotationstatus`
--

LOCK TABLES `quotationstatus` WRITE;
/*!40000 ALTER TABLE `quotationstatus` DISABLE KEYS */;
INSERT INTO `quotationstatus` VALUES (1,'Pending'),(2,'Ordered'),(3,'Deleted'),(4,'');
/*!40000 ALTER TABLE `quotationstatus` ENABLE KEYS */;
UNLOCK TABLES;

--
-- Table structure for table `removereason`
--

DROP TABLE IF EXISTS `removereason`;
/*!40101 SET @saved_cs_client     = @@character_set_client */;
/*!50503 SET character_set_client = utf8mb4 */;
CREATE TABLE `removereason` (
  `id` int NOT NULL AUTO_INCREMENT,
  `name` varchar(150) NOT NULL,
  PRIMARY KEY (`id`)
) ENGINE=InnoDB AUTO_INCREMENT=3 DEFAULT CHARSET=utf8mb3;
/*!40101 SET character_set_client = @saved_cs_client */;

--
-- Dumping data for table `removereason`
--

LOCK TABLES `removereason` WRITE;
/*!40000 ALTER TABLE `removereason` DISABLE KEYS */;
INSERT INTO `removereason` VALUES (1,'Damaged'),(2,'Expired');
/*!40000 ALTER TABLE `removereason` ENABLE KEYS */;
UNLOCK TABLES;

--
-- Table structure for table `reservation`
--

DROP TABLE IF EXISTS `reservation`;
/*!40101 SET @saved_cs_client     = @@character_set_client */;
/*!50503 SET character_set_client = utf8mb4 */;
CREATE TABLE `reservation` (
  `id` int NOT NULL AUTO_INCREMENT,
  `cname` varchar(150) DEFAULT NULL,
  `cmobile` char(10) DEFAULT NULL,
  `deliveryaddress` text,
  `reservationno` char(10) NOT NULL,
  `totalamount` decimal(10,2) NOT NULL,
  `addeddate` date NOT NULL,
  `description` text,
  `discountratio` decimal(2,0) DEFAULT NULL,
  `lastprice` varchar(45) NOT NULL,
  `reservationstatus_id` int NOT NULL,
  `customer_id` int DEFAULT NULL,
  `servicecharge` decimal(10,2) DEFAULT NULL,
  `paidamount` decimal(10,2) DEFAULT NULL,
  `balanceamount` decimal(10,2) DEFAULT NULL,
  `cpmethod_id` int DEFAULT NULL,
  `receiveddate` datetime DEFAULT NULL,
  `isadvance` tinyint DEFAULT NULL,
  `customertype_id` int DEFAULT NULL,
  PRIMARY KEY (`id`),
  KEY `fk_reservation_reservationstatus1_idx` (`reservationstatus_id`),
  KEY `fk_reservation_customer1_idx` (`customer_id`),
  KEY `fk_reservation_cpmethod1_idx` (`cpmethod_id`),
  KEY `fk_reservation_customertype1_idx` (`customertype_id`),
  CONSTRAINT `fk_reservation_cpmethod1` FOREIGN KEY (`cpmethod_id`) REFERENCES `cpmethod` (`id`),
  CONSTRAINT `fk_reservation_customer1` FOREIGN KEY (`customer_id`) REFERENCES `customer` (`id`),
  CONSTRAINT `fk_reservation_customertype1` FOREIGN KEY (`customertype_id`) REFERENCES `customertype` (`id`),
  CONSTRAINT `fk_reservation_reservationstatus1` FOREIGN KEY (`reservationstatus_id`) REFERENCES `reservationstatus` (`id`)
) ENGINE=InnoDB AUTO_INCREMENT=189 DEFAULT CHARSET=utf8mb3;
/*!40101 SET character_set_client = @saved_cs_client */;

--
-- Dumping data for table `reservation`
--

LOCK TABLES `reservation` WRITE;
/*!40000 ALTER TABLE `reservation` DISABLE KEYS */;
INSERT INTO `reservation` VALUES (1,'Sunil','0773419123',NULL,'R0000001',1000.00,'2022-04-25',NULL,10,'900.00',1,1,NULL,NULL,NULL,NULL,NULL,NULL,1),(21,'Nishantha Silva','0710660082',NULL,'R0000002',1000.00,'2022-05-17',NULL,0,'1000',1,NULL,NULL,NULL,NULL,NULL,NULL,NULL,1),(22,'Shantha','0754896541',NULL,'R0000003',1400.00,'2022-05-18',NULL,1,'1386',2,2,NULL,NULL,NULL,NULL,NULL,NULL,1),(23,'Jagath','0714569874',NULL,'R0000004',2850.00,'2022-05-18',NULL,1,'2821.5',2,NULL,NULL,NULL,NULL,NULL,NULL,NULL,1),(24,'Kasuni','0774569984',NULL,'R0000005',4520.00,'2022-05-19',NULL,0,'4520.00',2,NULL,NULL,NULL,NULL,NULL,NULL,NULL,1),(25,'Silva','0716945789',NULL,'R0000006',1400.00,'2022-05-19',NULL,0,'1400.00',2,NULL,NULL,NULL,NULL,NULL,NULL,NULL,1),(26,'Silva','0745897698',NULL,'R0000007',2550.00,'2022-05-19',NULL,0,'2550.00',2,NULL,NULL,NULL,NULL,NULL,NULL,NULL,1),(27,'silva','0710660082',NULL,'R0000008',1400.00,'2022-05-19',NULL,0,'1400.00',2,NULL,NULL,NULL,NULL,NULL,NULL,NULL,1),(28,'Gunathilaka','0751234879',NULL,'R0000009',1400.00,'2022-05-19',NULL,0,'1400.00',2,NULL,NULL,NULL,NULL,NULL,NULL,NULL,1),(29,'Ajantha','0745869542',NULL,'R0000010',1700.00,'2022-05-20',NULL,0,'1700.00',2,6,NULL,NULL,NULL,NULL,NULL,NULL,1),(30,'Kasuni','0781254698',NULL,'R0000011',0.00,'2022-05-25',NULL,0,'0',2,NULL,NULL,NULL,NULL,NULL,NULL,NULL,1),(31,'Kasuni','0745699741',NULL,'R0000012',0.00,'2022-05-26',NULL,0,'0.0',2,NULL,NULL,NULL,NULL,NULL,NULL,NULL,2),(32,'Sunil','0710660082',NULL,'R0000013',2860.00,'2022-05-26',NULL,0,'2860.00',2,1,NULL,NULL,NULL,NULL,NULL,NULL,2),(33,'Nishantha',NULL,NULL,'R0000014',2100.00,'2023-06-04',NULL,0,'2400.00',2,3,300.00,NULL,NULL,NULL,NULL,NULL,2),(34,'Kasun','0756273298','ubuibi','R0000015',5380.00,'2023-06-04',NULL,0,'5668.64',1,11,300.00,NULL,NULL,NULL,NULL,NULL,2),(35,'Sunil',NULL,NULL,'R0000016',1070.00,'2023-06-04',NULL,0,'1370.00',2,1,300.00,NULL,NULL,NULL,NULL,NULL,2),(36,'Shantha',NULL,NULL,'R0000017',1160.00,'2023-06-04',NULL,0,'1460.00',2,2,300.00,NULL,NULL,NULL,NULL,NULL,2),(37,'Nishantha',NULL,NULL,'R0000018',2010.00,'2023-06-04',NULL,0,'2310.00',2,3,300.00,NULL,NULL,NULL,NULL,NULL,2),(38,'Sunil',NULL,NULL,'R0000019',700.00,'2023-06-05',NULL,0,'1000.00',2,1,300.00,NULL,NULL,NULL,NULL,NULL,2),(39,'Palle Gedara Lakmal Dulanga Asela','0756273298','18/8 DW. Rupasinghe Mawatha, Nugegoda','R0000020',7020.00,'2023-06-05',NULL,0,'7305.36',1,1,300.00,NULL,2305.00,NULL,NULL,NULL,2),(40,'Nishantha','0715561282','efefefe','R0000021',2800.00,'2023-06-05',NULL,0,'3100',3,3,300.00,NULL,1100.00,NULL,NULL,NULL,2),(41,NULL,NULL,NULL,'R0000022',2500.00,'2023-06-06',NULL,0,'2500.00',2,NULL,300.00,NULL,NULL,NULL,NULL,NULL,2),(42,NULL,NULL,NULL,'R0000023',2550.00,'2023-06-06',NULL,0,'2550',3,NULL,300.00,NULL,NULL,NULL,NULL,NULL,2),(43,NULL,NULL,NULL,'R0000024',8730.00,'2023-06-06',NULL,0,'8703.81',2,NULL,300.00,NULL,NULL,NULL,NULL,NULL,2),(44,NULL,NULL,NULL,'R0000025',5950.00,'2023-06-07',NULL,0,'5938.10',2,NULL,300.00,6000.00,NULL,NULL,NULL,NULL,2),(45,NULL,NULL,NULL,'R0000026',3060.00,'2023-06-07',NULL,0,'3060.00',2,NULL,300.00,5000.00,NULL,NULL,NULL,NULL,2),(46,'Shantha',NULL,NULL,'R0000027',3060.00,'2023-06-07',NULL,0,'3360.00',2,2,300.00,NULL,NULL,NULL,NULL,NULL,2),(47,'Aruna','0715489745','BAC Rd, Dehiwala','R0000028',5500.00,'2023-06-08',NULL,0,'5788.40',1,5,300.00,NULL,3788.00,NULL,NULL,NULL,1),(48,'Gamini','0712222548','Hokandara','R0000029',20000.00,'2023-06-12',NULL,1,'20097.0',3,7,300.00,NULL,10097.00,NULL,NULL,NULL,1),(49,'Sunil',NULL,NULL,'R0000030',2000.00,'2023-06-13',NULL,0,'2300',3,1,300.00,3000.00,300.00,NULL,NULL,NULL,1),(50,'Amila','0768354409','13/70B ,Battaramulla','R0000031',1495.00,'2023-06-13',NULL,0,'1795.0',3,4,300.00,NULL,795.00,NULL,NULL,NULL,1),(51,'Ajantha','0716432145','Matara','R0000032',3060.00,'2023-06-13',NULL,0,'3360.0',3,6,300.00,NULL,360.00,NULL,NULL,NULL,1),(52,'Shantha','0773419789','Kaduwela Road.Malambe','R0000033',2500.00,'2023-06-13',NULL,0,'2800.0',3,2,300.00,NULL,800.00,NULL,NULL,NULL,1),(53,'Amila',NULL,NULL,'R0000034',3400.00,'2023-06-13',NULL,0,'3700.0',2,4,300.00,4000.00,300.00,NULL,NULL,NULL,1),(54,'Shantha',NULL,NULL,'R0000035',1020.00,'2023-06-13',NULL,0,'1320.0',3,2,300.00,NULL,NULL,NULL,'2023-05-18 13:31:00',NULL,1),(55,'Nishantha',NULL,NULL,'R0000036',1000.00,'2023-06-13',NULL,0,'1300.0',2,3,300.00,NULL,NULL,NULL,'2023-04-21 13:31:00',NULL,1),(56,'Shantha',NULL,NULL,'R0000037',850.00,'2023-06-14',NULL,0,'1150.0',3,2,300.00,NULL,NULL,NULL,'2023-06-14 10:59:00',NULL,1),(57,NULL,NULL,NULL,'R0000038',1000.00,'2023-06-14',NULL,0,'1000.0',2,NULL,300.00,5000.00,NULL,NULL,NULL,NULL,1),(58,'Nishantha','0716432148',NULL,'R0000039',3400.00,'2023-06-18',NULL,0,'3200.0',3,3,400.00,5000.00,200.00,NULL,'2023-06-18 10:59:00',NULL,1),(59,NULL,NULL,NULL,'R0000040',400.00,'2023-06-18',NULL,0,'400',3,NULL,300.00,500.00,NULL,NULL,NULL,NULL,1),(60,'Nipun','0745421365','Colombo','R0000041',400.00,'2023-06-18',NULL,0,'700.0',3,8,300.00,NULL,200.00,NULL,NULL,NULL,1),(61,'Sanduni','0715561282','Kaduwela Road.Malambe','R0000042',0.00,'2023-06-18',NULL,0,'300.0',3,10,300.00,NULL,100.00,NULL,NULL,NULL,1),(62,'Aruna','0715489745','Matara','R0000043',400.00,'2023-06-18',NULL,0,'700.0',3,5,300.00,NULL,200.00,NULL,NULL,NULL,1),(63,'Sanduni','0715561282','Kaduwela Road.Malambe','R0000044',1000.00,'2023-06-18',NULL,0,'1300.0',3,10,300.00,NULL,-8700.00,NULL,NULL,NULL,1),(64,'Sanduni','0715561282','Kaduwela Road.Malambe','R0000045',1600.00,'2023-06-18',NULL,0,'1900.0',3,10,300.00,NULL,900.00,NULL,NULL,NULL,1),(65,NULL,NULL,NULL,'R0000046',2640.00,'2023-07-02',NULL,0,'2640',3,NULL,300.00,5000.00,NULL,NULL,NULL,NULL,2),(66,'Abcd','0700660082','dggfx','R0000047',10270.00,'2023-07-05',NULL,1,'10517.15',2,19,300.00,NULL,5517.00,NULL,NULL,NULL,2),(67,'Weryff','0711111111','dggfx','R0000048',2000.00,'2023-07-07',NULL,0,'2300.0',2,24,300.00,NULL,1300.00,NULL,NULL,NULL,2),(68,'Dasuni','0715489745','Matara','R0000049',3500.00,'2023-07-08',NULL,0,'3800',3,18,300.00,NULL,1800.00,NULL,NULL,NULL,2),(69,'Ajantha','0716432145','Matara','R0000050',1500.00,'2023-07-08',NULL,0,'1800.0',2,6,300.00,NULL,800.00,NULL,NULL,NULL,2),(70,'Weryff','0711111111','dggfx','R0000051',5600.00,'2023-07-08',NULL,0,'5888.2',3,24,300.00,NULL,888.00,NULL,NULL,NULL,2),(71,'Aruna','0715489745','Matara','R0000052',1000.00,'2023-07-08',NULL,0,'1300.00',1,14,300.00,NULL,300.00,NULL,NULL,NULL,2),(72,'Sunil',NULL,NULL,'R0000053',700.00,'2023-07-08',NULL,0,'1000',3,1,300.00,NULL,NULL,NULL,'2023-07-21 09:41:00',NULL,2),(73,NULL,NULL,NULL,'R0000054',2500.00,'2023-07-08',NULL,0,'2500',3,NULL,300.00,5000.00,NULL,NULL,NULL,NULL,2),(74,'Shantha','0768354409','Kaduwela Road.Malambe','R0000055',3500.00,'2023-07-08',NULL,0,'3800',3,15,300.00,NULL,2800.00,2,NULL,1,2),(75,'Aruna','0715489777','Matara','R0000056',4250.00,'2023-07-08',NULL,0,'4550',3,9,300.00,NULL,2550.00,2,NULL,1,2),(76,'Gamini','0712222548','Hokandara','R0000057',2550.00,'2023-07-08',NULL,0,'2850',3,7,300.00,NULL,1850.00,2,NULL,1,2),(77,'Abcd','0745687457','dggfx','R0000058',1000.00,'2023-07-08',NULL,0,'1300.00',1,23,300.00,NULL,300.00,2,NULL,1,2),(78,NULL,NULL,NULL,'R0000059',3310.00,'2023-07-08',NULL,0,'3310',3,NULL,300.00,5000.00,NULL,NULL,NULL,NULL,2),(79,'Aruna','0715489745','Matara','R0000060',900.00,'2023-07-09',NULL,0,'1200',3,14,300.00,NULL,NULL,2,NULL,NULL,2),(80,'Aruna','0715489745','Matara','R0000061',900.00,'2023-07-09',NULL,0,'1200',3,14,300.00,NULL,NULL,2,NULL,NULL,2),(81,NULL,NULL,NULL,'R0000062',1020.00,'2023-07-10',NULL,0,'1020',3,NULL,300.00,1500.00,NULL,NULL,NULL,NULL,2),(82,NULL,NULL,NULL,'R0000063',1000.00,'2023-07-10',NULL,0,'1000',3,NULL,300.00,2000.00,NULL,NULL,NULL,NULL,2),(83,NULL,NULL,NULL,'R0000064',200.00,'2023-07-10',NULL,0,'200',3,NULL,300.00,300.00,NULL,NULL,NULL,NULL,2),(84,'Weryff','0711111111','dggfx','R0000065',1020.00,'2023-07-14',NULL,0,'1320.00',1,24,300.00,NULL,NULL,2,NULL,NULL,2),(85,'Abcd','0710660080','dggfx','R0000066',500.00,'2023-07-14',NULL,0,'800.00',1,20,300.00,NULL,300.00,2,NULL,1,2),(86,'Aruna','0715489745','Matara','R0000067',2500.00,'2023-07-14',NULL,0,'2800.00',1,13,300.00,NULL,NULL,2,NULL,NULL,2),(87,'Abcd','0700660082','dggfx','R0000068',4250.00,'2023-07-14',NULL,0,'4550.00',1,19,300.00,NULL,NULL,2,NULL,NULL,2),(88,'Abcd','0700660082','dggfx','R0000069',1000.00,'2023-07-14',NULL,0,'1300.00',1,19,300.00,NULL,NULL,2,NULL,NULL,2),(89,'Shantha','0715489745','Kaduwela Road.Malambe','R0000070',3060.00,'2023-07-14',NULL,0,'3360.00',1,16,300.00,NULL,NULL,2,NULL,NULL,2),(90,'Dwwdd','0786543323','DQWDWD','R0000071',500.00,'2023-07-14',NULL,0,'800.00',1,26,300.00,NULL,NULL,2,NULL,NULL,2),(91,'Abcd','0700660082','dggfx','R0000072',1500.00,'2023-07-14',NULL,0,'1800.00',1,19,300.00,NULL,NULL,2,NULL,NULL,2),(92,'Abcd','0700660082','dggfx','R0000073',2000.00,'2023-07-14',NULL,0,'2300.0',1,19,300.00,NULL,NULL,2,NULL,NULL,2),(93,'Abcd','0710660080','dggfx','R0000074',2040.00,'2023-07-14',NULL,0,'2340.00',2,20,300.00,NULL,NULL,2,NULL,NULL,2),(94,NULL,NULL,NULL,'R0000075',4000.00,'2023-07-14',NULL,0,'4000.00',2,NULL,300.00,5000.00,NULL,NULL,NULL,NULL,2),(95,'Shantha',NULL,NULL,'R0000076',5950.00,'2023-07-14',NULL,0,'6237.5',4,2,300.00,NULL,NULL,NULL,'2023-07-29 21:19:00',NULL,2),(96,'Abcd','0710660080','dggfx','R0000077',1500.00,'2023-07-14',NULL,0,'1800.00',2,20,300.00,NULL,NULL,2,NULL,NULL,2),(97,'Ajantha','0716432145','Matara','R0000078',500.00,'2023-07-14',NULL,0,'800.00',2,6,300.00,NULL,700.00,2,NULL,1,2),(98,'Nishantha','0710660082','\"Nishantha\",Battaramulla North,Battaramulla','R0000079',510.00,'2023-07-14',NULL,0,'810.00',2,12,300.00,NULL,310.00,2,NULL,1,2),(99,'Dasuni','0715489745','Matara','R0000080',450.00,'2023-07-14',NULL,0,'750',3,18,300.00,NULL,NULL,2,NULL,NULL,2),(100,'Abcd','0710660080','dggfx','R0000081',3582.00,'2023-07-15',NULL,0,'3882.00',2,20,300.00,NULL,NULL,2,NULL,1,2),(101,'Abcd','0710660080','dggfx','R0000082',1900.00,'2023-07-15',NULL,0,'2200.0',1,20,300.00,NULL,NULL,2,NULL,1,1),(102,'Shantha','0768354409','Kaduwela Road.Malambe','R0000083',850.00,'2023-07-15',NULL,0,'1150.0',1,15,300.00,NULL,NULL,2,NULL,1,1),(103,NULL,NULL,NULL,'R0000084',500.00,'2023-07-15',NULL,0,'500.00',2,NULL,300.00,1000.00,NULL,NULL,NULL,NULL,1),(104,'Amila',NULL,NULL,'R0000085',2040.00,'2023-07-15',NULL,0,'2340.0',4,4,300.00,NULL,NULL,NULL,'2023-07-28 19:29:00',NULL,1),(105,'Abcd','0710660080','dggfx','R0000086',1000.00,'2023-07-15',NULL,0,'1300.0',1,20,300.00,NULL,NULL,2,NULL,1,1),(106,NULL,NULL,NULL,'R0000087',700.00,'2023-07-17',NULL,0,'700.00',2,NULL,300.00,701.00,NULL,NULL,NULL,NULL,1),(107,'Dwwdd','0786543323','DQWDWD','R0000088',1000.00,'2023-07-18',NULL,0,'1300.0',1,26,300.00,NULL,NULL,2,NULL,1,1),(108,NULL,NULL,NULL,'R0000089',240.00,'2023-07-20',NULL,0,'240.00',2,NULL,300.00,250.00,NULL,NULL,NULL,NULL,1),(109,NULL,NULL,NULL,'R0000090',1140.00,'2023-07-20',NULL,0,'1140.00',2,NULL,300.00,2000.00,NULL,NULL,NULL,NULL,1),(110,NULL,NULL,NULL,'R0000091',1000.00,'2023-07-20',NULL,0,'1000.00',2,NULL,300.00,1000.00,NULL,NULL,NULL,NULL,1),(111,NULL,NULL,NULL,'R0000092',200.00,'2023-07-20',NULL,0,'200.00',2,NULL,300.00,200.00,NULL,NULL,NULL,NULL,1),(112,NULL,NULL,NULL,'R0000093',1500.00,'2023-07-27',NULL,0,'1800.0',4,NULL,300.00,NULL,NULL,NULL,'2023-07-28 09:33:00',NULL,1),(113,'Gamini','0712222548','Hokandara','R0000094',1150.00,'2023-07-27',NULL,0,'1450.00',2,7,300.00,NULL,NULL,2,NULL,0,1),(114,'Gamini','0712222548','Hokandara','R0000095',1150.00,'2023-07-27',NULL,0,'1450.00',2,7,300.00,NULL,NULL,2,NULL,0,1),(115,'Gamini','0712222548','Hokandara','R0000096',1350.00,'2023-07-27',NULL,0,'1650.00',2,7,300.00,NULL,NULL,2,NULL,0,1),(116,'Gamini','0712222548','Hokandara','R0000097',570.00,'2023-07-27',NULL,0,'870.00',2,7,300.00,NULL,NULL,2,NULL,0,1),(117,'Gamini','0712222548','Hokandara','R0000098',725.00,'2023-07-27',NULL,0,'1025.00',2,7,300.00,NULL,NULL,2,NULL,0,1),(118,'Gamini','0712222548','Hokandara','R0000099',955.00,'2023-07-27',NULL,0,'1255.00',2,7,300.00,NULL,NULL,2,NULL,0,1),(119,NULL,NULL,NULL,'R0000100',955.00,'2023-07-27',NULL,0,'1255.0',4,NULL,300.00,NULL,NULL,NULL,'2023-07-22 18:55:00',NULL,1),(120,'Gamini','0712222548','Hokandara','R0000101',495.00,'2023-07-27',NULL,0,'795.00',2,7,300.00,NULL,NULL,2,NULL,0,1),(121,'Gamini','0712222548','Hokandara','R0000102',450.00,'2023-07-27',NULL,0,'750.00',2,7,300.00,NULL,NULL,2,NULL,0,1),(122,'Gamini','0712222548','Hokandara','R0000103',450.00,'2023-07-27',NULL,0,'750.00',2,7,300.00,NULL,NULL,2,NULL,0,1),(123,'Gamini','0712222548','Hokandara','R0000104',450.00,'2023-07-27',NULL,0,'750.00',2,7,300.00,NULL,NULL,2,NULL,0,1),(124,'Gamini','0712222548','Hokandara','R0000105',450.00,'2023-07-27',NULL,0,'750',3,7,300.00,NULL,NULL,1,NULL,0,1),(125,'Gamini','0712222548','Hokandara','R0000106',900.00,'2023-07-27',NULL,0,'1200.0',3,7,300.00,NULL,NULL,2,NULL,1,1),(126,NULL,NULL,NULL,'R0000107',1670.00,'2023-07-27',NULL,0,'1670.00',2,NULL,300.00,2000.00,NULL,NULL,NULL,NULL,1),(127,'Sanduni','0715561282','Kaduwela Road.Malambe','R0000108',900.00,'2023-07-28',NULL,0,'1200.0',2,10,300.00,NULL,NULL,2,NULL,1,1),(128,'Aruna','0715489777','Matara','R0000109',450.00,'2023-07-29',NULL,0,'750.0',3,9,300.00,NULL,NULL,2,NULL,0,1),(129,'Aruna','0715489777','Matara','R0000110',450.00,'2023-07-29',NULL,0,'750.00',2,9,300.00,NULL,NULL,2,NULL,0,1),(130,'Aruna','0715489777','Matara','R0000111',900.00,'2023-07-29',NULL,0,'1200.0',2,9,300.00,NULL,NULL,2,NULL,0,1),(131,'Aruna','0715489777','Matara','R0000112',510.00,'2023-07-29',NULL,0,'810.00',2,9,300.00,NULL,NULL,2,NULL,0,1),(132,'Gamini','0712222548','Hokandara','R0000113',955.00,'2023-07-29',NULL,0,'1255.00',2,7,300.00,NULL,NULL,2,NULL,0,1),(133,'Gamini','0712222548','Hokandara','R0000114',450.00,'2023-07-29',NULL,0,'750.0',3,7,300.00,NULL,NULL,2,NULL,0,1),(134,'Gamini','0712222548','Hokandara','R0000115',900.00,'2023-07-29',NULL,0,'1200.0',2,7,300.00,NULL,NULL,2,NULL,1,2),(135,NULL,NULL,NULL,'R0000116',450.00,'2023-07-29',NULL,0,'450.00',2,NULL,300.00,500.00,NULL,NULL,NULL,NULL,2),(136,'Gamini','0712222548','Hokandara','R0000117',450.00,'2023-07-29',NULL,0,'750.00',2,7,300.00,NULL,NULL,2,NULL,0,2),(137,'Aruna','0715489777','Matara','R0000118',450.00,'2023-07-29',NULL,0,'750.00',1,9,300.00,NULL,NULL,2,NULL,1,2),(138,'Gamini','0712222548','Hokandara','R0000119',900.00,'2023-07-29',NULL,0,'1200.0',2,7,300.00,NULL,NULL,2,NULL,1,2),(139,NULL,NULL,NULL,'R0000120',500.00,'2023-07-29',NULL,0,'800.0',2,NULL,300.00,NULL,NULL,NULL,'2023-07-28 15:52:00',NULL,2),(140,NULL,NULL,NULL,'R0000121',900.00,'2023-07-29',NULL,0,'900',3,NULL,300.00,1000.00,NULL,NULL,NULL,NULL,2),(141,NULL,NULL,NULL,'R0000122',900.00,'2023-07-30',NULL,0,'1200',3,NULL,300.00,NULL,NULL,NULL,'2023-07-30 12:09:00',NULL,2),(142,'Sanduni','0715561282','Kaduwela Road.Malambe','R0000123',900.00,'2023-07-30',NULL,0,'1200.0',2,10,300.00,NULL,NULL,2,NULL,1,1),(143,NULL,NULL,NULL,'R0000124',850.00,'2023-07-31',NULL,0,'850.00',2,NULL,300.00,1000.00,NULL,NULL,NULL,NULL,1),(144,NULL,NULL,NULL,'R0000125',2100.00,'2023-07-31',NULL,0,'2400.0',4,NULL,300.00,NULL,NULL,NULL,'2023-07-31 10:43:00',NULL,1),(145,'Hasitha',NULL,NULL,'R0000126',2400.00,'2023-07-31',NULL,0,'2700.0',4,27,300.00,NULL,NULL,NULL,'2023-08-10 10:54:00',NULL,1),(146,'Gayan',NULL,NULL,'R0000127',1000.00,'2023-07-31',NULL,0,'1300.0',4,29,300.00,NULL,NULL,NULL,'2023-08-05 21:11:00',NULL,1),(147,NULL,NULL,NULL,'R0000128',12450.00,'2023-08-01',NULL,1,'12387.75',2,NULL,300.00,10000.00,NULL,NULL,NULL,NULL,1),(148,'Kasun','0715489745','Matara 123','R0000129',0.00,'2023-08-01',NULL,0,'300',3,NULL,300.00,NULL,NULL,2,NULL,1,1),(149,'Gamini','0712222548','Hokandara','R0000130',520.00,'2023-08-01',NULL,0,'820.00',1,7,300.00,NULL,NULL,2,NULL,1,1),(150,'Gayan','0710660182','Galle','R0000131',2700.00,'2023-08-01',NULL,0,'3000.0',2,29,300.00,NULL,NULL,2,NULL,1,1),(151,'Gayan','0710660182','Galle','R0000132',700.00,'2023-08-01',NULL,0,'1000.00',2,29,300.00,NULL,NULL,2,NULL,0,1),(152,NULL,NULL,NULL,'R0000133',3820.00,'2023-08-01',NULL,0,'3820.0',4,NULL,300.00,5000.00,NULL,NULL,'2023-08-01 20:14:21',NULL,1),(153,'Gamini','0712222548','Hokandara','R0000134',2865.00,'2023-08-01',NULL,0,'3165.0',4,7,300.00,NULL,NULL,2,'2023-08-01 20:15:08',0,1),(154,'Hasitha','0785498745','Kalalgoda','R0000135',1800.00,'2023-08-01',NULL,0,'2100.0',4,27,300.00,NULL,NULL,2,'2023-08-01 20:54:16',1,1),(155,'Don','0714569874','Gampaha','R0000136',1800.00,'2023-08-01',NULL,0,'2100.0',4,30,300.00,NULL,NULL,2,'2023-08-01 21:01:28',1,1),(156,'Don','0714569874','Gampaha','R0000137',2700.00,'2023-08-01',NULL,0,'3000.0',2,30,300.00,NULL,NULL,2,NULL,1,1),(157,'Gayan','0710660182','Galle','R0000138',2400.00,'2023-08-01',NULL,0,'2700.0',2,29,300.00,NULL,NULL,2,NULL,1,1),(158,NULL,NULL,NULL,'R0000139',458.00,'2023-08-02',NULL,0,'458.00',2,NULL,300.00,500.00,NULL,NULL,NULL,NULL,1),(159,NULL,NULL,NULL,'R0000140',1400.00,'2023-08-03',NULL,0,'1700.00',2,NULL,300.00,NULL,NULL,2,NULL,NULL,1),(160,NULL,NULL,NULL,'R0000141',1400.00,'2023-08-03',NULL,0,'1400.00',2,NULL,300.00,5000.00,NULL,2,NULL,NULL,NULL),(161,NULL,NULL,NULL,'R0000142',1700.00,'2023-08-03',NULL,0,'1700.00',2,NULL,300.00,5000.00,NULL,2,NULL,NULL,NULL),(162,NULL,NULL,NULL,'R0000143',4250.00,'2023-08-03',NULL,0,'4250.00',2,NULL,300.00,5000.00,NULL,NULL,NULL,NULL,NULL),(163,NULL,NULL,NULL,'R0000144',3000.00,'2023-08-03',NULL,0,'3300.00',2,NULL,300.00,NULL,NULL,NULL,NULL,NULL,1),(164,NULL,NULL,NULL,'R0000145',3000.00,'2023-08-03',NULL,0,'3300.00',2,NULL,300.00,NULL,NULL,NULL,NULL,NULL,1),(165,NULL,NULL,NULL,'R0000146',1200.00,'2023-08-03',NULL,0,'1500.00',2,NULL,300.00,NULL,NULL,NULL,NULL,NULL,1),(166,NULL,NULL,NULL,'R0000147',1800.00,'2023-08-03',NULL,0,'2100.00',2,NULL,300.00,NULL,NULL,NULL,NULL,NULL,1),(167,NULL,NULL,NULL,'R0000148',1000.00,'2023-08-03',NULL,0,'1000.00',2,NULL,300.00,5000.00,NULL,NULL,NULL,NULL,NULL),(168,NULL,NULL,NULL,'R0000149',2100.00,'2023-08-03',NULL,0,'2400.00',2,NULL,300.00,NULL,NULL,NULL,NULL,NULL,1),(169,NULL,NULL,NULL,'R0000150',1040.00,'2023-08-03',NULL,0,'1340.00',2,NULL,300.00,NULL,NULL,NULL,NULL,NULL,1),(170,NULL,NULL,NULL,'R0000151',2800.00,'2023-08-03',NULL,0,'3100.00',2,NULL,300.00,NULL,NULL,NULL,NULL,NULL,1),(171,'Shantha',NULL,NULL,'R0000152',700.00,'2023-08-03',NULL,0,'1000.00',2,2,300.00,NULL,NULL,NULL,NULL,NULL,2),(172,NULL,NULL,NULL,'R0000153',1200.00,'2023-08-03',NULL,0,'1500.0',4,NULL,300.00,NULL,NULL,NULL,'2023-08-12 13:23:00',NULL,1),(173,NULL,NULL,NULL,'R0000154',7600.00,'2023-08-03',NULL,0,'7577.20',2,NULL,300.00,10000.00,NULL,NULL,NULL,NULL,NULL),(174,NULL,NULL,NULL,'R0000155',2250.00,'2023-08-04',NULL,0,'2250.00',2,NULL,300.00,5000.00,NULL,NULL,NULL,NULL,NULL),(175,NULL,NULL,NULL,'R0000156',1350.00,'2023-08-04',NULL,0,'1350.00',2,NULL,300.00,2000.00,NULL,NULL,NULL,NULL,NULL),(176,NULL,NULL,NULL,'R0000157',900.00,'2023-08-04',NULL,0,'900.00',2,NULL,300.00,1000.00,NULL,NULL,NULL,NULL,NULL),(177,NULL,NULL,NULL,'R0000158',900.00,'2023-08-04',NULL,0,'900.00',2,NULL,300.00,1000.00,NULL,NULL,NULL,NULL,NULL),(178,NULL,NULL,NULL,'R0000159',1800.00,'2023-08-04',NULL,0,'1800.00',2,NULL,300.00,2000.00,NULL,NULL,NULL,NULL,NULL),(179,NULL,NULL,NULL,'R0000160',2250.00,'2023-08-04',NULL,0,'2250.00',2,NULL,300.00,5000.00,NULL,NULL,NULL,NULL,NULL),(180,NULL,NULL,NULL,'R0000161',1020.00,'2023-08-04',NULL,0,'1120.0',4,NULL,100.00,NULL,NULL,NULL,'2023-08-05 18:48:00',NULL,1),(181,NULL,NULL,NULL,'R0000162',4750.00,'2023-08-04',NULL,0,'4750.00',2,NULL,300.00,5000.00,NULL,NULL,NULL,NULL,NULL),(182,'Don','0714569874','Gampaha','R0000163',3800.00,'2023-08-04',NULL,0,'4100.00',2,30,300.00,NULL,NULL,2,NULL,0,NULL),(183,NULL,NULL,NULL,'R0000164',1000.00,'2023-08-05',NULL,0,'1000.00',2,NULL,300.00,2000.00,NULL,NULL,NULL,NULL,NULL),(184,NULL,NULL,NULL,'R0000165',1350.00,'2023-08-05',NULL,0,'1350',3,NULL,300.00,2000.00,NULL,NULL,NULL,NULL,NULL),(185,'Sandun','0712222548','Hokandara','R0000166',3500.00,'2023-08-05',NULL,0,'3800.0',2,7,300.00,NULL,NULL,2,NULL,1,NULL),(186,'Kumar','0710661000','Matara','R0000167',2500.00,'2023-08-05',NULL,0,'2800.00',2,31,300.00,NULL,NULL,2,NULL,0,NULL),(187,NULL,NULL,NULL,'R0000168',2788.00,'2023-08-05',NULL,0,'2788.00',2,NULL,300.00,3000.00,NULL,NULL,NULL,NULL,NULL),(188,'Ucsc',NULL,NULL,'R0000169',500.00,'2023-08-05',NULL,0,'600.0',4,32,100.00,NULL,NULL,NULL,'2023-08-05 14:07:00',NULL,2);
/*!40000 ALTER TABLE `reservation` ENABLE KEYS */;
UNLOCK TABLES;

--
-- Table structure for table `reservation_has_service`
--

DROP TABLE IF EXISTS `reservation_has_service`;
/*!40101 SET @saved_cs_client     = @@character_set_client */;
/*!50503 SET character_set_client = utf8mb4 */;
CREATE TABLE `reservation_has_service` (
  `id` int NOT NULL AUTO_INCREMENT,
  `menuprice` decimal(10,0) DEFAULT NULL,
  `ordercount` int DEFAULT NULL,
  `linetotal` decimal(10,0) DEFAULT NULL,
  `reservation_id` int NOT NULL,
  `menu_id` int DEFAULT NULL,
  `submenu_id` int DEFAULT NULL,
  `submenuprice` decimal(10,0) DEFAULT NULL,
  `submenucategory_id` int DEFAULT NULL,
  `menucategory_id` int DEFAULT NULL,
  PRIMARY KEY (`id`),
  KEY `fk_reservation_has_service_reservation1_idx` (`reservation_id`),
  KEY `fk_reservation_has_service_menu1_idx` (`menu_id`),
  KEY `fk_reservation_has_service_submenu1_idx` (`submenu_id`),
  KEY `fk_reservation_has_service_submenucategory1_idx` (`submenucategory_id`),
  KEY `fk_reservation_has_service_menucategory1_idx` (`menucategory_id`),
  CONSTRAINT `fk_reservation_has_service_menu1` FOREIGN KEY (`menu_id`) REFERENCES `menu` (`id`),
  CONSTRAINT `fk_reservation_has_service_menucategory1` FOREIGN KEY (`menucategory_id`) REFERENCES `menucategory` (`id`),
  CONSTRAINT `fk_reservation_has_service_reservation1` FOREIGN KEY (`reservation_id`) REFERENCES `reservation` (`id`),
  CONSTRAINT `fk_reservation_has_service_submenu1` FOREIGN KEY (`submenu_id`) REFERENCES `submenu` (`id`),
  CONSTRAINT `fk_reservation_has_service_submenucategory1` FOREIGN KEY (`submenucategory_id`) REFERENCES `submenucategory` (`id`)
) ENGINE=InnoDB AUTO_INCREMENT=195 DEFAULT CHARSET=utf8mb3;
/*!40101 SET character_set_client = @saved_cs_client */;

--
-- Dumping data for table `reservation_has_service`
--

LOCK TABLES `reservation_has_service` WRITE;
/*!40000 ALTER TABLE `reservation_has_service` DISABLE KEYS */;
INSERT INTO `reservation_has_service` VALUES (1,1000,1,1000,1,1,7,100,1,1),(2,500,2,1000,21,5,NULL,NULL,NULL,1),(3,NULL,2,1400,22,8,NULL,NULL,NULL,2),(4,NULL,3,2850,23,4,NULL,NULL,NULL,3),(5,700,2,1400,24,8,NULL,NULL,NULL,2),(6,520,6,3120,24,12,NULL,NULL,NULL,NULL),(7,700,2,1400,25,8,NULL,NULL,NULL,2),(8,850,3,2550,26,5,NULL,NULL,NULL,2),(9,700,2,1400,27,8,NULL,NULL,NULL,2),(10,700,2,1400,28,8,NULL,NULL,NULL,2),(11,850,2,1700,29,5,NULL,NULL,NULL,2),(12,500,2,1000,32,27,NULL,NULL,NULL,1),(13,NULL,3,1860,32,NULL,44,620,3,NULL),(14,700,3,2100,33,8,NULL,NULL,NULL,2),(15,520,3,1560,34,12,NULL,NULL,NULL,2),(16,NULL,4,3820,34,NULL,51,955,2,NULL),(17,500,1,500,35,27,NULL,NULL,NULL,1),(18,NULL,1,570,35,NULL,8,570,1,NULL),(19,510,1,510,36,28,NULL,NULL,NULL,1),(20,NULL,1,650,36,NULL,60,650,2,NULL),(21,510,2,1020,37,28,NULL,NULL,NULL,1),(22,NULL,2,990,37,NULL,52,495,2,NULL),(23,700,1,700,38,8,NULL,NULL,NULL,2),(24,510,6,3060,39,28,NULL,NULL,NULL,1),(25,NULL,8,3960,39,NULL,52,495,2,NULL),(26,700,4,2800,40,8,NULL,NULL,NULL,2),(27,500,5,2500,41,27,NULL,NULL,NULL,1),(28,510,5,2550,42,28,NULL,NULL,NULL,1),(29,500,6,3000,43,27,NULL,NULL,NULL,1),(30,NULL,6,5730,43,NULL,51,955,2,NULL),(31,850,7,5950,44,5,NULL,NULL,NULL,2),(32,510,6,3060,45,28,NULL,NULL,NULL,1),(33,510,6,3060,46,28,NULL,NULL,NULL,1),(34,950,4,3800,47,1,NULL,NULL,NULL,2),(35,850,2,1700,47,5,NULL,NULL,NULL,2),(39,NULL,100,20000,48,NULL,87,200,1,NULL),(40,500,4,2000,49,27,NULL,NULL,NULL,1),(41,500,2,1000,50,27,NULL,NULL,NULL,1),(42,NULL,1,495,50,NULL,7,495,1,NULL),(43,510,6,3060,51,28,NULL,NULL,NULL,1),(44,500,5,2500,52,29,NULL,NULL,NULL,1),(45,850,4,3400,53,5,NULL,NULL,NULL,2),(46,510,2,1020,54,28,NULL,NULL,NULL,1),(47,500,2,1000,55,27,NULL,NULL,NULL,1),(48,850,1,850,56,5,NULL,NULL,NULL,2),(49,500,2,1000,57,27,NULL,NULL,NULL,1),(50,500,2,NULL,58,NULL,87,NULL,NULL,1),(51,NULL,2,400,59,NULL,87,200,1,NULL),(52,NULL,2,400,60,NULL,87,200,1,NULL),(53,NULL,2,400,62,NULL,87,200,1,NULL),(54,500,2,1000,63,27,NULL,NULL,NULL,1),(55,800,2,1600,64,35,NULL,NULL,NULL,2),(56,500,3,1500,65,27,NULL,NULL,NULL,1),(57,NULL,2,1140,65,NULL,8,570,1,NULL),(58,894,5,4470,66,34,NULL,NULL,NULL,1),(59,NULL,8,5800,66,NULL,43,725,3,NULL),(60,500,4,2000,67,29,NULL,NULL,NULL,1),(61,700,5,3500,68,33,NULL,NULL,NULL,1),(62,500,3,1500,69,27,NULL,NULL,NULL,1),(63,700,8,5600,70,33,NULL,NULL,NULL,1),(64,500,2,1000,71,27,NULL,NULL,NULL,1),(65,700,1,700,72,8,NULL,NULL,NULL,2),(66,500,5,2500,73,27,NULL,NULL,NULL,1),(67,700,5,3500,74,8,NULL,NULL,NULL,2),(68,850,5,4250,75,5,NULL,NULL,NULL,2),(69,510,5,2550,76,28,NULL,NULL,NULL,1),(70,500,2,1000,77,27,NULL,NULL,NULL,1),(71,510,2,1020,78,28,NULL,NULL,NULL,1),(72,NULL,2,1300,78,NULL,50,650,2,NULL),(73,NULL,2,990,78,NULL,7,495,1,NULL),(74,NULL,2,900,79,NULL,88,450,13,NULL),(75,NULL,2,900,80,NULL,88,450,13,NULL),(76,510,2,1020,81,28,NULL,NULL,NULL,1),(77,NULL,5,1000,82,NULL,87,200,1,NULL),(78,NULL,1,200,83,NULL,87,200,1,NULL),(79,510,2,1020,84,28,NULL,NULL,NULL,1),(80,500,1,500,85,29,NULL,NULL,NULL,1),(81,500,5,2500,86,36,NULL,NULL,NULL,1),(82,850,5,4250,87,5,NULL,NULL,NULL,2),(83,500,2,1000,88,36,NULL,NULL,NULL,1),(84,510,6,3060,89,28,NULL,NULL,NULL,1),(85,500,1,500,90,36,NULL,NULL,NULL,1),(86,500,3,1500,91,27,NULL,NULL,NULL,1),(87,500,4,2000,92,27,NULL,NULL,NULL,1),(88,510,4,2040,93,28,NULL,NULL,NULL,1),(89,500,8,4000,94,27,NULL,NULL,NULL,1),(90,850,7,5950,95,5,NULL,NULL,NULL,2),(91,500,3,1500,96,27,NULL,NULL,NULL,1),(92,500,1,500,97,37,NULL,NULL,NULL,2),(93,510,1,510,98,28,NULL,NULL,NULL,1),(94,NULL,1,450,99,NULL,88,450,13,NULL),(95,894,3,2682,100,34,NULL,NULL,NULL,1),(96,NULL,2,900,100,NULL,88,450,13,NULL),(97,500,2,1000,101,29,NULL,NULL,NULL,1),(98,NULL,2,900,101,NULL,88,450,13,NULL),(99,850,1,850,102,5,NULL,NULL,NULL,2),(100,500,1,500,103,27,NULL,NULL,NULL,1),(101,510,4,2040,104,28,NULL,NULL,NULL,1),(102,500,2,1000,105,36,NULL,NULL,NULL,1),(103,700,1,700,106,8,NULL,NULL,NULL,2),(104,500,2,1000,107,36,NULL,NULL,NULL,1),(105,NULL,2,240,108,NULL,81,120,10,NULL),(106,510,2,1020,109,28,NULL,NULL,NULL,1),(107,NULL,1,120,109,NULL,81,120,10,NULL),(108,NULL,5,1000,110,NULL,87,200,1,NULL),(109,NULL,1,200,111,NULL,87,200,1,NULL),(110,850,1,850,112,11,NULL,NULL,NULL,3),(111,NULL,1,650,112,NULL,54,650,2,NULL),(112,500,1,500,113,27,NULL,NULL,NULL,1),(113,NULL,1,650,113,NULL,50,650,2,NULL),(114,500,1,500,114,27,NULL,NULL,NULL,1),(115,NULL,1,650,114,NULL,50,650,2,NULL),(116,700,1,700,115,8,NULL,NULL,NULL,2),(117,NULL,1,650,115,NULL,54,650,2,NULL),(118,NULL,1,570,116,NULL,8,570,1,NULL),(119,NULL,1,725,117,NULL,43,725,3,NULL),(120,NULL,1,955,118,NULL,51,955,2,NULL),(121,NULL,1,955,119,NULL,51,955,2,NULL),(122,NULL,1,495,120,NULL,52,495,2,NULL),(123,NULL,1,450,121,NULL,88,450,13,NULL),(124,NULL,1,450,122,NULL,88,450,13,NULL),(125,NULL,1,450,123,NULL,88,450,13,NULL),(126,NULL,1,450,124,NULL,88,450,13,NULL),(127,NULL,2,900,125,NULL,88,450,13,NULL),(128,510,2,1020,126,28,NULL,NULL,NULL,1),(129,NULL,1,650,126,NULL,53,650,2,NULL),(130,NULL,2,900,127,NULL,88,450,13,NULL),(131,NULL,1,450,128,NULL,88,450,13,NULL),(132,NULL,1,450,129,NULL,88,450,13,NULL),(133,NULL,2,900,130,NULL,88,450,13,NULL),(134,510,1,510,131,28,NULL,NULL,NULL,1),(135,NULL,1,955,132,NULL,51,955,2,NULL),(136,NULL,1,450,133,NULL,88,450,13,NULL),(137,NULL,2,900,134,NULL,88,450,13,NULL),(138,NULL,1,450,135,NULL,88,450,13,NULL),(139,NULL,1,450,136,NULL,88,450,13,NULL),(140,NULL,1,450,137,NULL,88,450,13,NULL),(141,NULL,2,900,138,NULL,88,450,13,NULL),(142,500,1,500,139,29,NULL,NULL,NULL,1),(143,NULL,2,900,140,NULL,88,450,13,NULL),(144,NULL,2,900,141,NULL,88,450,13,NULL),(145,NULL,2,900,142,NULL,88,450,13,NULL),(146,850,1,850,143,5,NULL,NULL,NULL,2),(147,700,3,2100,144,8,NULL,NULL,NULL,2),(148,600,4,2400,145,10,NULL,NULL,NULL,2),(149,500,2,1000,146,29,NULL,NULL,NULL,1),(150,850,2,1700,147,5,NULL,NULL,NULL,2),(151,850,2,1700,147,5,NULL,NULL,NULL,2),(152,NULL,5,2250,147,NULL,90,450,16,NULL),(153,850,8,6800,147,5,NULL,NULL,NULL,2),(154,520,1,520,149,13,NULL,NULL,NULL,3),(155,900,3,2700,150,12,NULL,NULL,NULL,2),(156,700,1,700,151,8,NULL,NULL,NULL,2),(157,NULL,4,3820,152,NULL,51,955,2,NULL),(158,NULL,3,2865,153,NULL,51,955,2,NULL),(159,600,3,1800,154,10,NULL,NULL,NULL,2),(160,600,3,1800,155,10,NULL,NULL,NULL,2),(161,900,3,2700,156,12,NULL,NULL,NULL,2),(162,600,4,2400,157,10,NULL,NULL,NULL,2),(163,NULL,1,458,158,NULL,97,458,13,NULL),(164,700,2,1400,159,8,NULL,NULL,NULL,2),(165,700,2,1400,160,8,NULL,NULL,NULL,2),(166,850,2,1700,161,5,NULL,NULL,NULL,2),(167,850,5,4250,162,5,NULL,NULL,NULL,2),(168,600,5,3000,163,10,NULL,NULL,NULL,2),(169,600,5,3000,164,10,NULL,NULL,NULL,2),(170,600,2,1200,165,10,NULL,NULL,NULL,2),(171,600,3,1800,166,10,NULL,NULL,NULL,2),(172,500,2,1000,167,29,NULL,NULL,NULL,1),(173,700,3,2100,168,33,NULL,NULL,NULL,1),(174,520,2,1040,169,13,NULL,NULL,NULL,3),(175,700,4,2800,170,33,NULL,NULL,NULL,1),(176,700,1,700,171,8,NULL,NULL,NULL,2),(177,600,2,1200,172,10,NULL,NULL,NULL,2),(178,950,8,7600,173,1,NULL,NULL,NULL,2),(179,NULL,5,2250,174,NULL,88,450,13,NULL),(180,NULL,3,1350,175,NULL,88,450,13,NULL),(181,NULL,2,900,176,NULL,88,450,13,NULL),(182,NULL,2,900,177,NULL,88,450,13,NULL),(183,NULL,4,1800,178,NULL,88,450,13,NULL),(184,NULL,5,2250,179,NULL,88,450,13,NULL),(185,510,2,1020,180,28,NULL,NULL,NULL,1),(186,950,5,4750,181,1,NULL,NULL,NULL,2),(187,950,4,3800,182,1,NULL,NULL,NULL,2),(188,500,2,1000,183,27,NULL,NULL,NULL,1),(189,NULL,3,1350,184,NULL,88,450,13,NULL),(190,700,5,3500,185,8,NULL,NULL,NULL,2),(191,500,5,2500,186,29,NULL,NULL,NULL,1),(192,894,2,1788,187,34,NULL,NULL,NULL,1),(193,500,2,1000,187,27,NULL,NULL,NULL,1),(194,500,1,500,188,27,NULL,NULL,NULL,1);
/*!40000 ALTER TABLE `reservation_has_service` ENABLE KEYS */;
UNLOCK TABLES;

--
-- Table structure for table `reservationstatus`
--

DROP TABLE IF EXISTS `reservationstatus`;
/*!40101 SET @saved_cs_client     = @@character_set_client */;
/*!50503 SET character_set_client = utf8mb4 */;
CREATE TABLE `reservationstatus` (
  `id` int NOT NULL AUTO_INCREMENT,
  `name` varchar(45) DEFAULT NULL,
  PRIMARY KEY (`id`)
) ENGINE=InnoDB AUTO_INCREMENT=5 DEFAULT CHARSET=utf8mb3;
/*!40101 SET character_set_client = @saved_cs_client */;

--
-- Dumping data for table `reservationstatus`
--

LOCK TABLES `reservationstatus` WRITE;
/*!40000 ALTER TABLE `reservationstatus` DISABLE KEYS */;
INSERT INTO `reservationstatus` VALUES (1,'Pending'),(2,'Completed'),(3,'Deleted'),(4,'Reserved');
/*!40000 ALTER TABLE `reservationstatus` ENABLE KEYS */;
UNLOCK TABLES;

--
-- Table structure for table `roles`
--

DROP TABLE IF EXISTS `roles`;
/*!40101 SET @saved_cs_client     = @@character_set_client */;
/*!50503 SET character_set_client = utf8mb4 */;
CREATE TABLE `roles` (
  `role_id` int NOT NULL AUTO_INCREMENT,
  `role` varchar(255) DEFAULT NULL,
  PRIMARY KEY (`role_id`)
) ENGINE=InnoDB AUTO_INCREMENT=6 DEFAULT CHARSET=utf8mb3;
/*!40101 SET character_set_client = @saved_cs_client */;

--
-- Dumping data for table `roles`
--

LOCK TABLES `roles` WRITE;
/*!40000 ALTER TABLE `roles` DISABLE KEYS */;
INSERT INTO `roles` VALUES (1,'ADMIN'),(2,'MANAGER'),(3,'CASHIER'),(4,'OWNER'),(5,'ASSISTANTMANAGER');
/*!40000 ALTER TABLE `roles` ENABLE KEYS */;
UNLOCK TABLES;

--
-- Table structure for table `service`
--

DROP TABLE IF EXISTS `service`;
/*!40101 SET @saved_cs_client     = @@character_set_client */;
/*!50503 SET character_set_client = utf8mb4 */;
CREATE TABLE `service` (
  `id` int NOT NULL AUTO_INCREMENT,
  `servicecode` char(10) NOT NULL,
  `servicename` varchar(150) NOT NULL,
  `servicecharge` decimal(8,2) NOT NULL,
  `addeddate` date NOT NULL,
  `service_status_id` int NOT NULL,
  `employee_id` int NOT NULL,
  PRIMARY KEY (`id`),
  KEY `fk_service_service_status1_idx` (`service_status_id`),
  KEY `fk_service_employee1_idx` (`employee_id`),
  CONSTRAINT `fk_service_employee1` FOREIGN KEY (`employee_id`) REFERENCES `employee` (`id`),
  CONSTRAINT `fk_service_service_status1` FOREIGN KEY (`service_status_id`) REFERENCES `service_status` (`id`)
) ENGINE=InnoDB AUTO_INCREMENT=7 DEFAULT CHARSET=utf8mb3;
/*!40101 SET character_set_client = @saved_cs_client */;

--
-- Dumping data for table `service`
--

LOCK TABLES `service` WRITE;
/*!40000 ALTER TABLE `service` DISABLE KEYS */;
INSERT INTO `service` VALUES (1,'S000000001','Take away',100.00,'2021-03-21',1,1),(5,'S000000002','Dine-in',100.00,'2021-01-06',1,1),(6,'S000000003','Order(Delivery)',100.00,'2021-06-15',1,1);
/*!40000 ALTER TABLE `service` ENABLE KEYS */;
UNLOCK TABLES;

--
-- Table structure for table `service_status`
--

DROP TABLE IF EXISTS `service_status`;
/*!40101 SET @saved_cs_client     = @@character_set_client */;
/*!50503 SET character_set_client = utf8mb4 */;
CREATE TABLE `service_status` (
  `id` int NOT NULL AUTO_INCREMENT,
  `name` varchar(45) NOT NULL,
  PRIMARY KEY (`id`)
) ENGINE=InnoDB AUTO_INCREMENT=4 DEFAULT CHARSET=utf8mb3;
/*!40101 SET character_set_client = @saved_cs_client */;

--
-- Dumping data for table `service_status`
--

LOCK TABLES `service_status` WRITE;
/*!40000 ALTER TABLE `service_status` DISABLE KEYS */;
INSERT INTO `service_status` VALUES (1,'Available'),(2,'Not-Available'),(3,'Deleted');
/*!40000 ALTER TABLE `service_status` ENABLE KEYS */;
UNLOCK TABLES;

--
-- Table structure for table `spayment`
--

DROP TABLE IF EXISTS `spayment`;
/*!40101 SET @saved_cs_client     = @@character_set_client */;
/*!50503 SET character_set_client = utf8mb4 */;
CREATE TABLE `spayment` (
  `id` int NOT NULL AUTO_INCREMENT,
  `billno` char(10) NOT NULL,
  `supplier_id` int NOT NULL,
  `grn_id` int DEFAULT NULL,
  `grnamount` decimal(10,0) NOT NULL,
  `totalamount` decimal(10,0) NOT NULL,
  `paidamount` decimal(10,0) NOT NULL,
  `balanceamount` decimal(10,0) NOT NULL,
  `paiddate` date NOT NULL,
  `description` text,
  `chequedate` date DEFAULT NULL,
  `chequeno` char(45) DEFAULT NULL,
  `bankaccno` char(15) DEFAULT NULL,
  `bankaccname` varchar(150) DEFAULT NULL,
  `bankname` varchar(150) DEFAULT NULL,
  `bankbranchname` varchar(150) DEFAULT NULL,
  `depositeddatetime` datetime DEFAULT NULL,
  `transferid` char(15) DEFAULT NULL,
  `paymentmethod_id` int NOT NULL,
  `paymentstatus_id` int NOT NULL,
  PRIMARY KEY (`id`),
  KEY `fk_table1_paymentmethod1_idx` (`paymentmethod_id`),
  KEY `fk_table1_paymentstatus1_idx` (`paymentstatus_id`),
  KEY `fk_spayment_grn1_idx` (`grn_id`),
  KEY `fk_spayment_supplier1_idx` (`supplier_id`),
  CONSTRAINT `fk_spayment_grn1` FOREIGN KEY (`grn_id`) REFERENCES `grn` (`id`),
  CONSTRAINT `fk_spayment_supplier1` FOREIGN KEY (`supplier_id`) REFERENCES `supplier` (`id`),
  CONSTRAINT `fk_table1_paymentmethod1` FOREIGN KEY (`paymentmethod_id`) REFERENCES `paymentmethod` (`id`),
  CONSTRAINT `fk_table1_paymentstatus1` FOREIGN KEY (`paymentstatus_id`) REFERENCES `paymentstatus` (`id`)
) ENGINE=InnoDB AUTO_INCREMENT=20 DEFAULT CHARSET=utf8mb3;
/*!40101 SET character_set_client = @saved_cs_client */;

--
-- Dumping data for table `spayment`
--

LOCK TABLES `spayment` WRITE;
/*!40000 ALTER TABLE `spayment` DISABLE KEYS */;
INSERT INTO `spayment` VALUES (1,'SP00000001',1,1,100,10000,10020,100,'2022-02-05',NULL,'2021-06-05','01111','0774598746','peoples weligama','peoples','cfxhgxxt','2021-12-02 12:25:45','1254687',1,1),(2,'SP00000003',1,8,101,15300,10040,101,'2022-05-22',NULL,NULL,NULL,NULL,NULL,NULL,NULL,NULL,NULL,1,3),(3,'SP00000003',1,8,101,14000,10020,101,'2022-04-22',NULL,NULL,NULL,NULL,NULL,NULL,NULL,NULL,NULL,1,3),(5,'SP00000003',1,8,101,42000,20000,101,'2022-03-22',NULL,NULL,NULL,NULL,NULL,NULL,NULL,NULL,NULL,1,3),(7,'SP00000002',1,1,100,20000,10000,100,'2022-04-23',NULL,NULL,NULL,NULL,NULL,NULL,NULL,NULL,NULL,2,3),(8,'SP00000003',1,8,101,15000,14000,101,'2022-02-22',NULL,NULL,NULL,NULL,NULL,NULL,NULL,NULL,NULL,1,3),(9,'SP00000004',7,19,8000,0,10000,0,'2023-07-07',NULL,NULL,NULL,NULL,NULL,NULL,NULL,NULL,NULL,2,1),(10,'SP00000005',7,19,8000,0,10000,2160,'2023-07-07',NULL,NULL,NULL,NULL,NULL,NULL,NULL,NULL,NULL,2,1),(11,'SP00000006',7,19,8000,0,10000,2160,'2023-07-07',NULL,NULL,NULL,NULL,NULL,NULL,NULL,NULL,NULL,2,1),(12,'SP00000007',1,1,1000,0,500,400,'2023-07-07',NULL,NULL,NULL,NULL,NULL,NULL,NULL,NULL,'151561',4,1),(13,'SP00000008',7,22,2500,0,5000,2550,'2023-07-07',NULL,NULL,NULL,NULL,NULL,NULL,NULL,NULL,NULL,2,1),(14,'SP00000009',16,24,500,0,500,5,'2023-07-08',NULL,NULL,NULL,NULL,NULL,NULL,NULL,NULL,NULL,2,3),(15,'SP00000010',12,28,3675,0,5000,5000,'2023-08-03',NULL,NULL,NULL,NULL,NULL,NULL,NULL,NULL,NULL,2,1),(16,'SP00000011',3,29,1000,0,1000,50,'2023-08-03',NULL,NULL,NULL,NULL,NULL,NULL,NULL,NULL,NULL,1,1),(17,'SP00000012',4,NULL,0,5000,5000,0,'2023-08-04',NULL,NULL,NULL,NULL,NULL,NULL,NULL,NULL,NULL,2,1),(18,'SP00000013',1,1,1000,0,5000,4900,'2023-08-04',NULL,NULL,NULL,NULL,NULL,NULL,NULL,NULL,NULL,2,1),(19,'SP00000014',4,NULL,0,5000,5000,0,'2023-08-04',NULL,NULL,NULL,NULL,NULL,NULL,NULL,NULL,NULL,1,1);
/*!40000 ALTER TABLE `spayment` ENABLE KEYS */;
UNLOCK TABLES;

--
-- Table structure for table `submenu`
--

DROP TABLE IF EXISTS `submenu`;
/*!40101 SET @saved_cs_client     = @@character_set_client */;
/*!50503 SET character_set_client = utf8mb4 */;
CREATE TABLE `submenu` (
  `id` int NOT NULL AUTO_INCREMENT,
  `submenucode` char(8) NOT NULL,
  `submenuname` varchar(150) NOT NULL,
  `submenucategory_id` int NOT NULL,
  `submenustatus_id` int NOT NULL,
  `description` text,
  `addeddate` date NOT NULL,
  `employee_id` int NOT NULL,
  `price` decimal(8,2) NOT NULL,
  PRIMARY KEY (`id`),
  KEY `fk_submenu_submenucategory1_idx` (`submenucategory_id`),
  KEY `fk_submenu_submenustatus1_idx` (`submenustatus_id`),
  KEY `fk_submenu_employee1_idx` (`employee_id`),
  CONSTRAINT `fk_submenu_employee1` FOREIGN KEY (`employee_id`) REFERENCES `employee` (`id`),
  CONSTRAINT `fk_submenu_submenucategory1` FOREIGN KEY (`submenucategory_id`) REFERENCES `submenucategory` (`id`),
  CONSTRAINT `fk_submenu_submenustatus1` FOREIGN KEY (`submenustatus_id`) REFERENCES `submenustatus` (`id`)
) ENGINE=InnoDB AUTO_INCREMENT=106 DEFAULT CHARSET=utf8mb3;
/*!40101 SET character_set_client = @saved_cs_client */;

--
-- Dumping data for table `submenu`
--

LOCK TABLES `submenu` WRITE;
/*!40000 ALTER TABLE `submenu` DISABLE KEYS */;
INSERT INTO `submenu` VALUES (7,'SM000001','Fried Rice Vegi half',1,1,NULL,'2021-02-14',1,495.00),(8,'SM000002','Fried Rice Vegi full',1,1,NULL,'2021-06-25',1,570.00),(9,'SM000003','Fried Rice Fish half',1,1,NULL,'2022-01-08',1,650.00),(10,'SM000004','Samba Plain Rice',16,1,NULL,'2022-05-10',1,420.00),(11,'SM000005','Egg half',4,1,NULL,'2022-05-10',1,300.00),(12,'SM000006','Fish Half',4,1,NULL,'2022-05-10',1,300.00),(38,'SM000005','Rice and Curry Vegi full',4,1,NULL,'2022-05-15',1,465.00),(39,'SM000006','Rice and Curry fish half',4,1,NULL,'2022-05-15',1,465.00),(40,'SM000007','Rice and Curry fish full',4,1,NULL,'2022-05-15',1,525.00),(41,'SM000008','Rice and Curry chicken half',4,1,NULL,'2022-05-15',1,495.00),(42,'SM000009','Rice and Curry chicken full',4,1,NULL,'2022-05-15',1,570.00),(43,'SM000010','Fried Rice Fish full',3,1,NULL,'2022-05-15',1,725.00),(44,'SM000011','Fried Rice Egg half',3,1,NULL,'2022-05-15',1,620.00),(45,'SM000012','Fried Rice Egg full',3,1,NULL,'2022-05-15',1,695.00),(46,'SM000013','Fried Rice Chicken half',1,1,NULL,'2022-05-15',1,725.00),(47,'SM000014','Fried Rice Chicken full',1,1,NULL,'2022-05-15',1,800.00),(48,'SM000015','Chicken Biriyani half',14,1,NULL,'2022-05-15',1,955.00),(49,'SM000016','Chicken Biriyani full',14,1,NULL,'2022-05-15',1,1110.00),(50,'SM000017','Fish Koththu half',2,1,NULL,'2022-05-15',1,650.00),(51,'SM000018','Fish Koththu full',2,1,NULL,'2022-05-15',1,955.00),(52,'SM000019','Egg Koththu half',2,1,NULL,'2022-05-15',1,495.00),(53,'SM000020','Egg Koththu full',2,1,NULL,'2022-05-15',1,650.00),(54,'SM000021','Chicken Koththu half	    ',2,1,NULL,'2022-05-15',1,650.00),(55,'SM000022','Chicken Koththu full	    ',2,1,NULL,'2022-05-15',1,1035.00),(56,'SM000023','Hopper 1',11,3,NULL,'2022-05-15',1,95.00),(57,'SM000024','Egg Hopper 1',11,3,NULL,'2022-05-15',1,185.00),(58,'SM000025','Cheese kottu half',2,1,NULL,'2022-05-15',1,1110.00),(59,'SM000026','Cheese kottu full',2,1,NULL,'2022-05-15',1,1265.00),(60,'SM000027','Egg Dolphin kottu',2,1,NULL,'2022-05-15',1,650.00),(61,'SM000028','Fish Dolphin kottu',2,1,NULL,'2022-05-15',1,800.00),(62,'SM000029','Chicken Dolphin kottu',2,1,NULL,'2022-05-15',1,880.00),(75,'SM000030','5 Parata with Gravy',15,1,NULL,'2022-05-15',1,650.00),(76,'SM000031','String Hoppers 20 with Garvy and Sambol',5,1,NULL,'2022-05-15',1,495.00),(77,'SM000032','String Hoppers 50  with Chicken Curry and Sambol',5,1,NULL,'2022-05-15',1,650.00),(78,'SM000033','Dhall Curry',10,1,NULL,'2022-05-15',1,430.00),(79,'SM000034','Potato Curry',10,1,NULL,'2022-05-15',1,430.00),(80,'SM000035','Chicken Curry',10,1,NULL,'2022-05-15',1,490.00),(81,'SM000036','Kiri Malu Curry',10,1,NULL,'2022-05-15',1,120.00),(82,'SM000037','Chili Fish Curry',10,1,NULL,'2022-05-15',1,420.00),(83,'SM000038','Egg curry',10,1,NULL,'2022-05-15',1,100.00),(84,'SM000039','Ggbergb Bgbirugb',1,1,NULL,'2022-05-25',1,200.00),(85,'SM000040','Uludu Wade',9,1,NULL,'2022-05-28',2,100.00),(86,'SM000041','Pol Rotti',7,1,NULL,'2022-05-28',2,30.00),(87,'SM000042','Basmathi Fried Rice',1,1,NULL,'2023-06-12',1,200.00),(88,'SM000043','Devilled Mango',13,1,NULL,'2023-07-09',1,450.00),(89,'SM000044','Sudu kekulu rice',16,1,NULL,'2023-07-09',1,450.00),(90,'SM000045','Rathu kekulu rice',16,1,NULL,'2023-07-09',1,450.00),(91,'SM000046','Milk rice 2 pieces',16,1,NULL,'2023-07-09',1,200.00),(92,'SM000047','Pol Rotti',7,1,NULL,'2023-07-11',1,50.00),(93,'SM000048','Chicken',13,1,NULL,'2023-07-19',5,100.00),(94,'SM000049','Chilli paste',17,1,NULL,'2023-07-19',5,50.00),(95,'SM000050','Fried Chicken',18,1,NULL,'2023-07-19',5,100.00),(96,'SM000051','Fried Fish',18,1,NULL,'2023-07-19',5,100.00),(97,'SM000052','Spicy Mango',13,1,NULL,'2023-08-02',5,458.00),(98,'SM000053','Fish Embul Thiyal',10,1,NULL,'2023-03-08',5,200.00),(99,'SM000054','Tempered Potato',10,1,NULL,'2023-08-03',5,150.00),(100,'SM000055','Fried Egg',18,1,NULL,'2023-08-03',5,100.00),(101,'SM000056','Vegetable Salad',19,1,NULL,'2023-08-03',5,100.00),(102,'SM000057','Cutlet',17,1,NULL,'2023-08-03',5,30.00),(103,'SM000058','Papadam',17,1,NULL,'2023-08-03',5,10.00),(104,'SM000059','Egg',17,1,NULL,'2023-08-05',1,50.00),(105,'SM000060','Beans Curry',10,1,NULL,'2023-08-05',1,100.00);
/*!40000 ALTER TABLE `submenu` ENABLE KEYS */;
UNLOCK TABLES;

--
-- Table structure for table `submenu_has_material`
--

DROP TABLE IF EXISTS `submenu_has_material`;
/*!40101 SET @saved_cs_client     = @@character_set_client */;
/*!50503 SET character_set_client = utf8mb4 */;
CREATE TABLE `submenu_has_material` (
  `id` int NOT NULL AUTO_INCREMENT,
  `submenu_id` int NOT NULL,
  `material_id` int NOT NULL,
  `qty` decimal(10,3) NOT NULL,
  PRIMARY KEY (`id`),
  KEY `fk_submenu_has_material_material1_idx` (`material_id`),
  KEY `fk_submenu_has_material_submenu1_idx` (`submenu_id`),
  CONSTRAINT `fk_submenu_has_material_material1` FOREIGN KEY (`material_id`) REFERENCES `material` (`id`),
  CONSTRAINT `fk_submenu_has_material_submenu1` FOREIGN KEY (`submenu_id`) REFERENCES `submenu` (`id`)
) ENGINE=InnoDB AUTO_INCREMENT=76 DEFAULT CHARSET=utf8mb3;
/*!40101 SET character_set_client = @saved_cs_client */;

--
-- Dumping data for table `submenu_has_material`
--

LOCK TABLES `submenu_has_material` WRITE;
/*!40000 ALTER TABLE `submenu_has_material` DISABLE KEYS */;
INSERT INTO `submenu_has_material` VALUES (2,7,1,5.000),(3,9,1,100.000),(4,10,6,250.000),(5,11,28,1.000),(6,12,8,0.000),(7,84,1,20.000),(8,85,10,1.000),(9,86,11,1.000),(10,87,1,0.150),(11,88,7,1.000),(12,88,2,4.000),(13,92,11,1.000),(19,7,6,1.000),(20,7,5,2.000),(21,7,13,0.000),(22,7,14,0.000),(23,7,19,0.000),(24,92,31,0.000),(25,93,9,0.000),(26,93,19,0.000),(27,93,5,0.000),(28,93,16,0.000),(29,93,2,0.000),(30,96,8,0.000),(31,96,31,0.000),(32,96,5,0.000),(33,95,9,0.000),(34,95,5,0.000),(35,95,31,0.000),(36,89,6,0.000),(37,83,27,0.000),(38,83,5,0.000),(39,83,2,0.000),(40,81,8,0.000),(41,81,5,0.000),(42,81,2,0.000),(43,87,13,0.090),(44,87,14,0.090),(45,87,5,0.010),(46,76,31,0.100),(47,83,32,0.005),(48,81,32,0.005),(49,97,7,0.456),(50,98,8,0.800),(51,98,40,0.010),(52,98,41,0.010),(53,98,5,0.010),(54,99,21,0.100),(55,99,2,0.020),(56,99,5,0.010),(57,99,19,0.030),(58,99,41,0.010),(59,78,5,0.010),(60,78,29,0.080),(61,100,27,0.001),(62,101,13,0.050),(63,101,12,0.010),(64,101,25,0.050),(65,101,5,0.010),(66,101,41,0.010),(67,102,5,0.010),(68,102,2,0.010),(69,102,36,0.050),(70,102,21,0.100),(71,102,41,0.010),(72,102,19,0.050),(73,103,44,0.020),(74,104,27,0.001),(75,105,3,0.050);
/*!40000 ALTER TABLE `submenu_has_material` ENABLE KEYS */;
UNLOCK TABLES;

--
-- Table structure for table `submenucategory`
--

DROP TABLE IF EXISTS `submenucategory`;
/*!40101 SET @saved_cs_client     = @@character_set_client */;
/*!50503 SET character_set_client = utf8mb4 */;
CREATE TABLE `submenucategory` (
  `id` int NOT NULL AUTO_INCREMENT,
  `name` varchar(45) NOT NULL,
  PRIMARY KEY (`id`)
) ENGINE=InnoDB AUTO_INCREMENT=21 DEFAULT CHARSET=utf8mb3;
/*!40101 SET character_set_client = @saved_cs_client */;

--
-- Dumping data for table `submenucategory`
--

LOCK TABLES `submenucategory` WRITE;
/*!40000 ALTER TABLE `submenucategory` DISABLE KEYS */;
INSERT INTO `submenucategory` VALUES (1,'Fried Rice'),(2,'Kottu'),(3,'Noodles'),(4,'Rice and Curry'),(5,'String Hoppers'),(6,'Milk Rice'),(7,'Rotti'),(8,'Rolls'),(9,'Wade'),(10,'Curry'),(11,'Hoppers'),(12,'Pittu'),(13,'Devilled'),(14,'Biriyani'),(15,'Parata'),(16,'Rice'),(17,'other'),(18,'Fried'),(19,'Salad'),(20,'Achcharu');
/*!40000 ALTER TABLE `submenucategory` ENABLE KEYS */;
UNLOCK TABLES;

--
-- Table structure for table `submenustatus`
--

DROP TABLE IF EXISTS `submenustatus`;
/*!40101 SET @saved_cs_client     = @@character_set_client */;
/*!50503 SET character_set_client = utf8mb4 */;
CREATE TABLE `submenustatus` (
  `id` int NOT NULL AUTO_INCREMENT,
  `name` varchar(45) NOT NULL,
  PRIMARY KEY (`id`)
) ENGINE=InnoDB AUTO_INCREMENT=4 DEFAULT CHARSET=utf8mb3;
/*!40101 SET character_set_client = @saved_cs_client */;

--
-- Dumping data for table `submenustatus`
--

LOCK TABLES `submenustatus` WRITE;
/*!40000 ALTER TABLE `submenustatus` DISABLE KEYS */;
INSERT INTO `submenustatus` VALUES (1,'Available'),(2,'Not-Available'),(3,'Deleted');
/*!40000 ALTER TABLE `submenustatus` ENABLE KEYS */;
UNLOCK TABLES;

--
-- Table structure for table `supplier`
--

DROP TABLE IF EXISTS `supplier`;
/*!40101 SET @saved_cs_client     = @@character_set_client */;
/*!50503 SET character_set_client = utf8mb4 */;
CREATE TABLE `supplier` (
  `id` int NOT NULL AUTO_INCREMENT,
  `regno` char(10) NOT NULL,
  `fullname` varchar(150) NOT NULL,
  `contactno1` char(10) NOT NULL,
  `cpname` varchar(150) DEFAULT NULL,
  `contactno2` char(10) DEFAULT NULL,
  `email` varchar(150) NOT NULL,
  `address` text NOT NULL,
  `addeddate` date NOT NULL,
  `description` text,
  `bankholdername` varchar(150) DEFAULT NULL,
  `bankaccountno` varchar(15) DEFAULT NULL,
  `arreasamount` decimal(10,0) DEFAULT NULL,
  `employee_id` int NOT NULL,
  `supplierstatus_id` int NOT NULL,
  `bankname_id` int NOT NULL,
  `bankbranchname` varchar(15) NOT NULL,
  PRIMARY KEY (`id`),
  KEY `fk_supplier_employee1_idx` (`employee_id`),
  KEY `fk_supplier_supplierstatus1_idx` (`supplierstatus_id`),
  KEY `fk_supplier_bankname1_idx` (`bankname_id`),
  CONSTRAINT `fk_supplier_bankname1` FOREIGN KEY (`bankname_id`) REFERENCES `bankname` (`id`),
  CONSTRAINT `fk_supplier_employee1` FOREIGN KEY (`employee_id`) REFERENCES `employee` (`id`),
  CONSTRAINT `fk_supplier_supplierstatus1` FOREIGN KEY (`supplierstatus_id`) REFERENCES `supplierstatus` (`id`)
) ENGINE=InnoDB AUTO_INCREMENT=27 DEFAULT CHARSET=utf8mb3;
/*!40101 SET character_set_client = @saved_cs_client */;

--
-- Dumping data for table `supplier`
--

LOCK TABLES `supplier` WRITE;
/*!40000 ALTER TABLE `supplier` DISABLE KEYS */;
INSERT INTO `supplier` VALUES (1,'S000000001','Aruna silva','0710660082','Aruna',NULL,'aruna@gmail.com','Gampha','2021-03-04',NULL,'saman','0777546541',10000,1,1,1,'1'),(2,'S000000002','Saman Gamage','0715698745','Amal',NULL,'saman@gmail.com','Malambe','2021-04-16',NULL,'Aruna','745648789',1000,1,1,1,'1'),(3,'S000000003','Kamal Silva','0776548924','Kamal',NULL,'Kamal@gmail.com','Matara','2022-04-16',NULL,NULL,NULL,7500,1,1,1,'1'),(4,'S000000004','Aravinda Perera','0758974566','Aravinda',NULL,'Aravinda@gmail.com','Seeduwa','2022-04-28',NULL,NULL,NULL,1000,1,1,1,'1'),(5,'S000000005','Jagath kumara','0758974512','Jagath',NULL,'Jagath@gmail.com','Kiribathgoda','2022-05-01',NULL,NULL,NULL,7500,1,2,1,'1'),(6,'S000000007','Sugath Jayawardana','0785469874','Sugath',NULL,'sugath@gmail.com','Kandana','0200-05-30',NULL,NULL,NULL,3000,1,1,1,'1'),(7,'S000000006','Dinesh Sampath','0713245698','Sampath',NULL,'dinesh@gmail.com','Kaluthara','2022-05-10',NULL,NULL,NULL,2500,1,1,1,'1'),(8,'S000000007','Rasika Siriwardane','0713571597','Siriwardane',NULL,'dinesh@gmail.com','Colombo','2022-05-10',NULL,NULL,NULL,1500,1,1,1,'1'),(9,'S000000008','Piyasiri Gamage','0781452633','Piyasiri',NULL,'dinesh@gmail.com','Nugegoda','2022-05-10',NULL,NULL,NULL,3100,1,1,1,'1'),(10,'S000000009','Ajith Samaranayaka','0751478954','Samaranayaka',NULL,'dinesh@gmail.com','Nawala','2022-05-10',NULL,NULL,NULL,1300,1,1,1,'1'),(11,'S000000010','Gajadheera Lanka','0745897856','Gajadheera',NULL,'dinesh@gmail.com','Rajagiriya','2022-05-10',NULL,NULL,NULL,1800,1,1,1,'1'),(12,'S000000011','Kamal Amarasinghe','0741526348','Amarasinghe',NULL,'dinesh@gmail.com','Koswatta','2022-05-10',NULL,NULL,NULL,3675,1,1,1,'1'),(13,'S0000012','Kasun Sanjeewa','0773419789','Kasun',NULL,'kasun','Matara 123','2023-06-23',NULL,NULL,NULL,64544,1,2,1,'1'),(14,'S0000013','Lakmal Asela','0754876541','Asela','0754876544','lakmal@gmail.com','Nugegoda','2023-06-24',NULL,'Lakmal','754865533',NULL,1,2,1,'1'),(15,'S0000014','Ajith Kumara','0710987452','Ajith',NULL,'ajith@gmail.com','dggfx','2023-07-06',NULL,'Ajith','11245580',NULL,1,1,1,'1'),(16,'S0000015','Kasun Sandaruwan','0715487954','Kasun',NULL,'kasun@gm.c','matara','2023-07-08',NULL,'Kasun','14558878',500,1,1,1,'1'),(17,'S0000016','Qadgfg Ajkdhfe','0710660082','Qasdf',NULL,'asdf@gmail.com','dggfxqq','2023-07-09',NULL,NULL,NULL,NULL,1,1,1,'1'),(18,'S0000017','Amal Rupasinghe','0758796145','Amal',NULL,'amal@gamil.com','Hokandara','2023-07-09',NULL,'Amal','4578954',NULL,1,1,1,'1'),(19,'S0000018','Vishwa Gunathilaka','0758489563','Vishwa',NULL,'vishwa@gmail.com','acv ex','2023-07-09',NULL,'Vishwa','46464569',2500,1,2,1,'1'),(20,'S0000019','Gamini Pathirana','0754879542','Gamini',NULL,'gamini@gmail.com','Hokandara','2023-07-19',NULL,'Gamini','4745555',500,5,1,1,'4'),(21,'S0000020','Kapila De Silva','0710612548','Kapila','0758478965','kapila@gmail.com','Matara','2023-08-03',NULL,'Kapila','784896',NULL,5,1,2,'1'),(23,'S0000021','Chandrasiri Athukorala','0785496321',NULL,NULL,'chandrasiri@gamil.com','Hambanthota','2023-08-04',NULL,'Chandrasiri','123654789654',NULL,5,1,1,'Hambanthota'),(24,'S0000022','Rohana Gunathilaka','0754125632',NULL,NULL,'ruhana@gmail.com','Kalutara','2023-08-04',NULL,'Rohana','5478965226833',NULL,5,1,2,'Kalutara'),(25,'S0000023','Priyantha Gamage','0777722141',NULL,NULL,'priya@gmail.com','Malabe','2023-08-04',NULL,'Priyantha','7895478956',NULL,5,1,4,'Malabe'),(26,'S0000024','Sunil Athukrala','0778965478',NULL,NULL,'sunil@gmail.com','Kaduwela','2023-08-04',NULL,'Sunil','74586145566',NULL,5,1,5,'Kaduwela');
/*!40000 ALTER TABLE `supplier` ENABLE KEYS */;
UNLOCK TABLES;

--
-- Table structure for table `supplier_has_material`
--

DROP TABLE IF EXISTS `supplier_has_material`;
/*!40101 SET @saved_cs_client     = @@character_set_client */;
/*!50503 SET character_set_client = utf8mb4 */;
CREATE TABLE `supplier_has_material` (
  `id` int NOT NULL AUTO_INCREMENT,
  `supplier_id` int NOT NULL,
  `material_id` int NOT NULL,
  PRIMARY KEY (`id`),
  KEY `fk_supplier_has_material_material1_idx` (`material_id`),
  KEY `fk_supplier_has_material_supplier1_idx` (`supplier_id`),
  CONSTRAINT `fk_supplier_has_material_material1` FOREIGN KEY (`material_id`) REFERENCES `material` (`id`),
  CONSTRAINT `fk_supplier_has_material_supplier1` FOREIGN KEY (`supplier_id`) REFERENCES `supplier` (`id`)
) ENGINE=InnoDB AUTO_INCREMENT=94 DEFAULT CHARSET=utf8mb3;
/*!40101 SET character_set_client = @saved_cs_client */;

--
-- Dumping data for table `supplier_has_material`
--

LOCK TABLES `supplier_has_material` WRITE;
/*!40000 ALTER TABLE `supplier_has_material` DISABLE KEYS */;
INSERT INTO `supplier_has_material` VALUES (1,1,1),(2,1,4),(3,1,6),(4,2,2),(5,2,5),(6,3,9),(7,4,3),(8,4,12),(9,4,14),(10,7,19),(11,7,21),(12,5,27),(13,5,28),(30,8,7),(31,9,8),(32,10,11),(33,11,18),(34,12,10),(35,4,25),(36,4,15),(37,4,22),(38,7,24),(39,7,23),(40,7,26),(41,2,16),(42,2,30),(43,4,13),(44,4,17),(49,15,27),(50,15,28),(51,16,21),(53,12,31),(54,2,32),(56,18,29),(57,20,32),(58,16,19),(59,14,33),(60,13,35),(61,13,34),(62,19,36),(63,20,37),(64,2,40),(65,2,41),(66,4,42),(67,14,43),(68,6,44),(69,21,9),(72,23,1),(73,23,4),(74,23,6),(75,24,4),(76,24,1),(77,24,6),(78,25,2),(79,25,5),(80,25,24),(81,25,2),(82,25,5),(83,25,16),(84,25,30),(85,25,32),(86,26,2),(87,26,5),(88,26,30),(89,26,32),(90,26,40),(91,26,41),(92,25,40),(93,25,41);
/*!40000 ALTER TABLE `supplier_has_material` ENABLE KEYS */;
UNLOCK TABLES;

--
-- Table structure for table `supplierstatus`
--

DROP TABLE IF EXISTS `supplierstatus`;
/*!40101 SET @saved_cs_client     = @@character_set_client */;
/*!50503 SET character_set_client = utf8mb4 */;
CREATE TABLE `supplierstatus` (
  `id` int NOT NULL AUTO_INCREMENT,
  `name` varchar(45) DEFAULT NULL,
  PRIMARY KEY (`id`)
) ENGINE=InnoDB AUTO_INCREMENT=4 DEFAULT CHARSET=utf8mb3;
/*!40101 SET character_set_client = @saved_cs_client */;

--
-- Dumping data for table `supplierstatus`
--

LOCK TABLES `supplierstatus` WRITE;
/*!40000 ALTER TABLE `supplierstatus` DISABLE KEYS */;
INSERT INTO `supplierstatus` VALUES (1,'Available'),(2,'Deleted'),(3,'Not-Available');
/*!40000 ALTER TABLE `supplierstatus` ENABLE KEYS */;
UNLOCK TABLES;

--
-- Table structure for table `tableallocation`
--

DROP TABLE IF EXISTS `tableallocation`;
/*!40101 SET @saved_cs_client     = @@character_set_client */;
/*!50503 SET character_set_client = utf8mb4 */;
CREATE TABLE `tableallocation` (
  `id` int NOT NULL AUTO_INCREMENT,
  `tableallocationcode` char(10) NOT NULL,
  `reserveddate` date NOT NULL,
  `reserveintime` time NOT NULL,
  `addeddate` date NOT NULL,
  `tablestatus_id` int NOT NULL,
  `reservation_id` int NOT NULL,
  `reserveouttime` time NOT NULL,
  `guestcount` int NOT NULL,
  PRIMARY KEY (`id`),
  KEY `fk_tableallocation_tablestatus1_idx` (`tablestatus_id`),
  KEY `fk_tableallocation_reservation1_idx` (`reservation_id`),
  CONSTRAINT `fk_tableallocation_reservation1` FOREIGN KEY (`reservation_id`) REFERENCES `reservation` (`id`),
  CONSTRAINT `fk_tableallocation_tablestatus1` FOREIGN KEY (`tablestatus_id`) REFERENCES `tablestatus` (`id`)
) ENGINE=InnoDB AUTO_INCREMENT=21 DEFAULT CHARSET=utf8mb3;
/*!40101 SET character_set_client = @saved_cs_client */;

--
-- Dumping data for table `tableallocation`
--

LOCK TABLES `tableallocation` WRITE;
/*!40000 ALTER TABLE `tableallocation` DISABLE KEYS */;
INSERT INTO `tableallocation` VALUES (1,'TA00000001','2023-06-19','00:00:00','2023-06-19',1,55,'00:00:00',6),(2,'TA00000002','2023-06-27','00:00:00','2023-06-25',1,56,'03:23:00',4),(3,'TA00000003','2023-07-28','00:00:00','2023-07-05',1,55,'10:36:00',6),(4,'TA00000004','2023-07-28','00:00:00','2023-07-05',1,56,'10:57:00',6),(5,'TA00000005','2023-07-14','00:00:00','2023-07-05',1,56,'03:02:00',6),(6,'TA00000006','2023-07-27','00:00:00','2023-07-13',1,54,'12:26:00',6),(7,'TA00000007','2023-07-20','03:20:00','2023-07-18',1,54,'04:20:00',6),(8,'TA00000008','2023-07-27','03:25:00','2023-07-18',1,54,'03:25:00',6),(9,'TA00000009','2023-07-20','02:24:00','2023-07-18',1,95,'04:24:00',6),(10,'TA00000010','2023-07-12','02:29:00','2023-07-18',1,55,'03:29:00',4),(11,'TA00000011','2023-07-28','03:31:00','2023-07-18',1,56,'05:31:00',4),(12,'TA00000012','2023-07-27','01:33:00','2023-07-18',1,104,'03:33:00',4),(13,'TA00000013','2023-08-01','14:37:00','2023-08-01',1,146,'16:41:00',4),(14,'TA00000014','2023-08-01','17:41:00','2023-08-01',1,144,'16:41:00',2),(15,'TA00000015','2023-08-01','16:41:00','2023-08-01',1,56,'16:41:00',2),(16,'TA00000016','2023-08-01','16:45:00','2023-08-01',1,56,'16:46:00',2),(17,'TA00000017','2023-08-01','12:49:00','2023-08-01',1,145,'16:48:00',2),(18,'TA00000018','2023-08-01','15:54:00','2023-08-01',1,139,'15:55:00',8),(19,'TA00000019','2023-08-01','13:01:00','2023-08-01',3,55,'14:00:00',12),(20,'TA00000020','2023-08-05','14:09:00','2023-08-05',1,188,'17:09:00',2);
/*!40000 ALTER TABLE `tableallocation` ENABLE KEYS */;
UNLOCK TABLES;

--
-- Table structure for table `tableallocation_has_tableddetail`
--

DROP TABLE IF EXISTS `tableallocation_has_tableddetail`;
/*!40101 SET @saved_cs_client     = @@character_set_client */;
/*!50503 SET character_set_client = utf8mb4 */;
CREATE TABLE `tableallocation_has_tableddetail` (
  `id` int NOT NULL AUTO_INCREMENT,
  `tableallocation_id` int NOT NULL,
  `tableddetail_id` int NOT NULL,
  PRIMARY KEY (`id`),
  KEY `fk_tableallocation_has_tableddetail_tableddetail1_idx` (`tableddetail_id`),
  KEY `fk_tableallocation_has_tableddetail_tableallocation1_idx` (`tableallocation_id`),
  CONSTRAINT `fk_tableallocation_has_tableddetail_tableallocation1` FOREIGN KEY (`tableallocation_id`) REFERENCES `tableallocation` (`id`),
  CONSTRAINT `fk_tableallocation_has_tableddetail_tableddetail1` FOREIGN KEY (`tableddetail_id`) REFERENCES `tableddetail` (`id`)
) ENGINE=InnoDB AUTO_INCREMENT=23 DEFAULT CHARSET=utf8mb3;
/*!40101 SET character_set_client = @saved_cs_client */;

--
-- Dumping data for table `tableallocation_has_tableddetail`
--

LOCK TABLES `tableallocation_has_tableddetail` WRITE;
/*!40000 ALTER TABLE `tableallocation_has_tableddetail` DISABLE KEYS */;
INSERT INTO `tableallocation_has_tableddetail` VALUES (1,1,1),(2,2,2),(3,3,3),(4,4,2),(5,5,2),(6,6,2),(7,7,2),(8,8,2),(9,9,2),(10,10,2),(11,11,2),(12,12,2),(13,13,9),(14,13,3),(15,14,7),(16,14,9),(17,15,7),(18,16,3),(19,17,10),(20,18,10),(21,19,2),(22,20,1);
/*!40000 ALTER TABLE `tableallocation_has_tableddetail` ENABLE KEYS */;
UNLOCK TABLES;

--
-- Table structure for table `tableddetail`
--

DROP TABLE IF EXISTS `tableddetail`;
/*!40101 SET @saved_cs_client     = @@character_set_client */;
/*!50503 SET character_set_client = utf8mb4 */;
CREATE TABLE `tableddetail` (
  `id` int NOT NULL AUTO_INCREMENT,
  `tableallcode` char(10) NOT NULL,
  `tabledetailstatus_id` int NOT NULL,
  `countmargin` int NOT NULL,
  PRIMARY KEY (`id`),
  KEY `fk_tableddetail_tabledetailstatus1_idx` (`tabledetailstatus_id`),
  CONSTRAINT `fk_tableddetail_tabledetailstatus1` FOREIGN KEY (`tabledetailstatus_id`) REFERENCES `tabledetailstatus` (`id`)
) ENGINE=InnoDB AUTO_INCREMENT=11 DEFAULT CHARSET=utf8mb3;
/*!40101 SET character_set_client = @saved_cs_client */;

--
-- Dumping data for table `tableddetail`
--

LOCK TABLES `tableddetail` WRITE;
/*!40000 ALTER TABLE `tableddetail` DISABLE KEYS */;
INSERT INTO `tableddetail` VALUES (1,'T0020',2,2),(2,'T0021',1,2),(3,'T0022',1,2),(4,'T0023',1,2),(5,'T0024',1,2),(6,'T0025',1,2),(7,'T0041',1,4),(8,'T0042',1,4),(9,'T0081',1,8),(10,'T0082',1,8);
/*!40000 ALTER TABLE `tableddetail` ENABLE KEYS */;
UNLOCK TABLES;

--
-- Table structure for table `tabledetailstatus`
--

DROP TABLE IF EXISTS `tabledetailstatus`;
/*!40101 SET @saved_cs_client     = @@character_set_client */;
/*!50503 SET character_set_client = utf8mb4 */;
CREATE TABLE `tabledetailstatus` (
  `id` int NOT NULL AUTO_INCREMENT,
  `name` varchar(100) NOT NULL,
  PRIMARY KEY (`id`)
) ENGINE=InnoDB AUTO_INCREMENT=3 DEFAULT CHARSET=utf8mb3;
/*!40101 SET character_set_client = @saved_cs_client */;

--
-- Dumping data for table `tabledetailstatus`
--

LOCK TABLES `tabledetailstatus` WRITE;
/*!40000 ALTER TABLE `tabledetailstatus` DISABLE KEYS */;
INSERT INTO `tabledetailstatus` VALUES (1,'Available'),(2,'Not-Available');
/*!40000 ALTER TABLE `tabledetailstatus` ENABLE KEYS */;
UNLOCK TABLES;

--
-- Table structure for table `tablestatus`
--

DROP TABLE IF EXISTS `tablestatus`;
/*!40101 SET @saved_cs_client     = @@character_set_client */;
/*!50503 SET character_set_client = utf8mb4 */;
CREATE TABLE `tablestatus` (
  `id` int NOT NULL AUTO_INCREMENT,
  `name` varchar(45) DEFAULT NULL,
  PRIMARY KEY (`id`)
) ENGINE=InnoDB AUTO_INCREMENT=4 DEFAULT CHARSET=utf8mb3;
/*!40101 SET character_set_client = @saved_cs_client */;

--
-- Dumping data for table `tablestatus`
--

LOCK TABLES `tablestatus` WRITE;
/*!40000 ALTER TABLE `tablestatus` DISABLE KEYS */;
INSERT INTO `tablestatus` VALUES (1,'Available'),(2,'Not-Available'),(3,'Deleted');
/*!40000 ALTER TABLE `tablestatus` ENABLE KEYS */;
UNLOCK TABLES;

--
-- Table structure for table `unittype`
--

DROP TABLE IF EXISTS `unittype`;
/*!40101 SET @saved_cs_client     = @@character_set_client */;
/*!50503 SET character_set_client = utf8mb4 */;
CREATE TABLE `unittype` (
  `id` int NOT NULL AUTO_INCREMENT,
  `name` varchar(45) DEFAULT NULL,
  PRIMARY KEY (`id`)
) ENGINE=InnoDB AUTO_INCREMENT=8 DEFAULT CHARSET=utf8mb3;
/*!40101 SET character_set_client = @saved_cs_client */;

--
-- Dumping data for table `unittype`
--

LOCK TABLES `unittype` WRITE;
/*!40000 ALTER TABLE `unittype` DISABLE KEYS */;
INSERT INTO `unittype` VALUES (1,'Kg'),(3,'Pieces'),(7,'Liters');
/*!40000 ALTER TABLE `unittype` ENABLE KEYS */;
UNLOCK TABLES;

--
-- Table structure for table `user_role`
--

DROP TABLE IF EXISTS `user_role`;
/*!40101 SET @saved_cs_client     = @@character_set_client */;
/*!50503 SET character_set_client = utf8mb4 */;
CREATE TABLE `user_role` (
  `user_id` int NOT NULL,
  `role_id` int NOT NULL,
  PRIMARY KEY (`user_id`,`role_id`),
  KEY `FKt7e7djp752sqn6w22i6ocqy6q` (`role_id`)
) ENGINE=InnoDB DEFAULT CHARSET=utf8mb3;
/*!40101 SET character_set_client = @saved_cs_client */;

--
-- Dumping data for table `user_role`
--

LOCK TABLES `user_role` WRITE;
/*!40000 ALTER TABLE `user_role` DISABLE KEYS */;
INSERT INTO `user_role` VALUES (1,1),(2,2),(5,2),(7,2),(3,3),(6,3),(4,5);
/*!40000 ALTER TABLE `user_role` ENABLE KEYS */;
UNLOCK TABLES;

--
-- Table structure for table `users`
--

DROP TABLE IF EXISTS `users`;
/*!40101 SET @saved_cs_client     = @@character_set_client */;
/*!50503 SET character_set_client = utf8mb4 */;
CREATE TABLE `users` (
  `user_id` int NOT NULL AUTO_INCREMENT,
  `active` bit(1) DEFAULT NULL,
  `email` varchar(255) DEFAULT NULL,
  `last_name` varchar(255) DEFAULT NULL,
  `name` varchar(255) DEFAULT NULL,
  `password` varchar(255) DEFAULT NULL,
  `user_name` varchar(255) NOT NULL,
  `employee_id` int DEFAULT NULL,
  `employee_created_id` int DEFAULT NULL,
  `hint` char(4) DEFAULT NULL,
  `docreation` date DEFAULT NULL,
  PRIMARY KEY (`user_id`),
  UNIQUE KEY `user_name_UNIQUE` (`user_name`),
  KEY `fk_users_employee1_idx` (`employee_id`),
  KEY `fk_users_employee2_idx` (`employee_created_id`),
  CONSTRAINT `fk_users_employee1` FOREIGN KEY (`employee_id`) REFERENCES `employee` (`id`),
  CONSTRAINT `fk_users_employee2` FOREIGN KEY (`employee_created_id`) REFERENCES `employee` (`id`)
) ENGINE=InnoDB AUTO_INCREMENT=8 DEFAULT CHARSET=utf8mb3;
/*!40101 SET character_set_client = @saved_cs_client */;

--
-- Dumping data for table `users`
--

LOCK TABLES `users` WRITE;
/*!40000 ALTER TABLE `users` DISABLE KEYS */;
INSERT INTO `users` VALUES (1,_binary '','sarath@gmail.com',NULL,NULL,'$2a$10$DBcSvDu0V0t6hg0tY23V4elcGDwhgCIbehP5gCkNY8eFBOwaR9CHW','Admin',1,1,NULL,'2021-01-01'),(2,_binary '','mg.wasantha@gmail.com',NULL,NULL,'$2a$10$wccRob/7cZ14Ez/lhIXrSe1800oY6nCloBXXgjYzTvHSk9qjUdP5C','Wasantha',2,1,NULL,'2022-05-28'),(3,_binary '','ransara@gmail.com',NULL,NULL,'$2a$10$BCs5gBS16Sw7LzNN2U2ZK.vFxIln2svySVmqWFEIj0iJRA.eIEDPe','Ransara',3,1,NULL,'2022-05-28'),(4,_binary '','tharanga@gmail.com',NULL,NULL,'$2a$10$Gq6mFNe1LBcyipeaArAxm.7.C69IWFucaMweqlh8lN2TKCNJy0RHa','Tharanga',4,1,NULL,'2022-05-28'),(5,_binary '','asela160@gmail.com',NULL,NULL,'$2a$10$1QQAswgK.yrfdFwgEb3F2O2Jgzny7xYBXnXyQO0JBGkEupFpzSBUe','lakmal',5,NULL,NULL,'2023-07-14'),(6,_binary '','saman@gmail.com',NULL,NULL,'$2a$10$kmJcr0.UOoLQu744CnQzqe0dXBonE8wtx1VUpvVSysJxkcDMksqx6','saman',6,NULL,NULL,'2023-07-15'),(7,_binary '\0','kumar@gmail.com',NULL,NULL,'$2a$10$M13lbO4SpAPHeCO/6A.nm.Pd1wzAYkhw4dwEIV/dfXjOx2X4x4HtK','kumar',7,NULL,NULL,'2023-07-27');
/*!40000 ALTER TABLE `users` ENABLE KEYS */;
UNLOCK TABLES;
/*!40103 SET TIME_ZONE=@OLD_TIME_ZONE */;

/*!40101 SET SQL_MODE=@OLD_SQL_MODE */;
/*!40014 SET FOREIGN_KEY_CHECKS=@OLD_FOREIGN_KEY_CHECKS */;
/*!40014 SET UNIQUE_CHECKS=@OLD_UNIQUE_CHECKS */;
/*!40101 SET CHARACTER_SET_CLIENT=@OLD_CHARACTER_SET_CLIENT */;
/*!40101 SET CHARACTER_SET_RESULTS=@OLD_CHARACTER_SET_RESULTS */;
/*!40101 SET COLLATION_CONNECTION=@OLD_COLLATION_CONNECTION */;
/*!40111 SET SQL_NOTES=@OLD_SQL_NOTES */;

-- Dump completed on 2023-10-07 12:43:17
